gene,seq1,seq2,tm_score,sequence_identity,sequence_divergence,structural_divergence
wzg,wzg_seq36.pdb,wzg_seq2.pdb,0.36607,0.9646569646569647,0.03534303534303529,0.63393
wzg,wzg_seq36.pdb,wzg_seq47.pdb,0.39726,0.975051975051975,0.02494802494802495,0.60274
wzg,wzg_seq36.pdb,wzg_seq14.pdb,0.39411,0.9792099792099792,0.02079002079002079,0.60589
wzg,wzg_seq36.pdb,wzg_seq45.pdb,0.39234,0.9625779625779626,0.037422037422037424,0.60766
wzg,wzg_seq36.pdb,wzg_seq22.pdb,0.38315,0.9854469854469855,0.014553014553014498,0.61685
wzg,wzg_seq36.pdb,wzg_seq46.pdb,0.38957,0.975051975051975,0.02494802494802495,0.61043
wzg,wzg_seq36.pdb,wzg_seq63.pdb,0.38511,0.9771309771309772,0.022869022869022815,0.6148899999999999
wzg,wzg_seq36.pdb,wzg_seq3.pdb,0.36146,0.9646569646569647,0.03534303534303529,0.63854
wzg,wzg_seq48.pdb,wzg_seq12.pdb,0.37496,0.9916839916839917,0.008316008316008316,0.62504
wzg,wzg_seq48.pdb,wzg_seq7.pdb,0.39064,0.9520833333333333,0.04791666666666672,0.60936
wzg,wzg_seq48.pdb,wzg_seq2.pdb,0.39234,0.954070981210856,0.045929018789144016,0.60766
wzg,wzg_seq48.pdb,wzg_seq47.pdb,0.34396,0.9666666666666667,0.033333333333333326,0.65604
wzg,wzg_seq48.pdb,wzg_seq14.pdb,0.36202,0.9708333333333333,0.029166666666666674,0.63798
wzg,wzg_seq48.pdb,wzg_seq40.pdb,0.37071,0.9729166666666667,0.027083333333333348,0.62929
wzg,wzg_seq48.pdb,wzg_seq22.pdb,0.343,0.9729166666666667,0.027083333333333348,0.657
wzg,wzg_seq48.pdb,wzg_seq42.pdb,0.37695,0.9729166666666667,0.027083333333333348,0.62305
wzg,wzg_seq48.pdb,wzg_seq34.pdb,0.36069,0.95,0.050000000000000044,0.63931
wzg,wzg_seq48.pdb,wzg_seq10.pdb,0.35462,0.9667359667359667,0.033264033264033266,0.6453800000000001
wzg,wzg_seq48.pdb,wzg_seq37.pdb,0.36338,0.9520833333333333,0.04791666666666672,0.63662
wzg,wzg_seq48.pdb,wzg_seq4.pdb,0.38544,0.96875,0.03125,0.61456
wzg,wzg_seq48.pdb,wzg_seq46.pdb,0.35181,0.9666666666666667,0.033333333333333326,0.64819
wzg,wzg_seq48.pdb,wzg_seq35.pdb,0.36328,0.9666666666666667,0.033333333333333326,0.63672
wzg,wzg_seq48.pdb,wzg_seq63.pdb,0.36479,0.975,0.025000000000000022,0.63521
wzg,wzg_seq48.pdb,wzg_seq3.pdb,0.34729,0.9519832985386222,0.04801670146137782,0.65271
wzg,wzg_seq48.pdb,wzg_seq5.pdb,0.37825,0.9583333333333334,0.04166666666666663,0.62175
wzg,wzg_seq19.pdb,wzg_seq0.pdb,0.3525,0.9501039501039501,0.0498960498960499,0.6475
wzg,wzg_seq19.pdb,wzg_seq7.pdb,0.39336,0.9584199584199584,0.04158004158004158,0.6066400000000001
wzg,wzg_seq19.pdb,wzg_seq26.pdb,0.39416,0.9563409563409564,0.043659043659043606,0.6058399999999999
wzg,wzg_seq19.pdb,wzg_seq2.pdb,0.34314,0.9584199584199584,0.04158004158004158,0.65686
wzg,wzg_seq19.pdb,wzg_seq47.pdb,0.36637,0.9688149688149689,0.03118503118503113,0.63363
wzg,wzg_seq19.pdb,wzg_seq14.pdb,0.3767,0.972972972972973,0.027027027027026973,0.6233
wzg,wzg_seq19.pdb,wzg_seq53.pdb,0.37712,0.96875,0.03125,0.62288
wzg,wzg_seq19.pdb,wzg_seq40.pdb,0.38347,0.9792099792099792,0.02079002079002079,0.61653
wzg,wzg_seq19.pdb,wzg_seq62.pdb,0.35639,0.9583333333333334,0.04166666666666663,0.64361
wzg,wzg_seq19.pdb,wzg_seq24.pdb,0.36931,0.9792099792099792,0.02079002079002079,0.63069
wzg,wzg_seq19.pdb,wzg_seq45.pdb,0.33722,0.9563409563409564,0.043659043659043606,0.6627799999999999
wzg,wzg_seq19.pdb,wzg_seq22.pdb,0.34136,0.9833679833679834,0.016632016632016633,0.65864
wzg,wzg_seq19.pdb,wzg_seq50.pdb,0.39069,0.9645833333333333,0.03541666666666665,0.60931
wzg,wzg_seq19.pdb,wzg_seq60.pdb,0.35985,0.95,0.050000000000000044,0.64015
wzg,wzg_seq19.pdb,wzg_seq58.pdb,0.39064,0.975051975051975,0.02494802494802495,0.60936
wzg,wzg_seq19.pdb,wzg_seq10.pdb,0.39041,0.975051975051975,0.02494802494802495,0.6095900000000001
wzg,wzg_seq19.pdb,wzg_seq37.pdb,0.38211,0.9604989604989606,0.03950103950103945,0.61789
wzg,wzg_seq19.pdb,wzg_seq46.pdb,0.34539,0.9688149688149689,0.03118503118503113,0.65461
wzg,wzg_seq19.pdb,wzg_seq35.pdb,0.39198,0.9771309771309772,0.022869022869022815,0.60802
wzg,wzg_seq19.pdb,wzg_seq63.pdb,0.35726,0.975051975051975,0.02494802494802495,0.64274
wzg,wzg_seq19.pdb,wzg_seq3.pdb,0.31215,0.9584199584199584,0.04158004158004158,0.6878500000000001
wzg,wzg_seq19.pdb,wzg_seq11.pdb,0.39398,0.975051975051975,0.02494802494802495,0.60602
wzg,wzg_seq19.pdb,wzg_seq56.pdb,0.37028,0.95625,0.043749999999999956,0.6297200000000001
wzg,wzg_seq12.pdb,wzg_seq27.pdb,0.39377,0.9708333333333333,0.029166666666666674,0.60623
wzg,wzg_seq12.pdb,wzg_seq59.pdb,0.36743,0.9708333333333333,0.029166666666666674,0.6325700000000001
wzg,wzg_seq12.pdb,wzg_seq2.pdb,0.39304,0.954070981210856,0.045929018789144016,0.6069599999999999
wzg,wzg_seq12.pdb,wzg_seq14.pdb,0.39638,0.9708333333333333,0.029166666666666674,0.60362
wzg,wzg_seq12.pdb,wzg_seq38.pdb,0.37075,0.9645833333333333,0.03541666666666665,0.62925
wzg,wzg_seq12.pdb,wzg_seq40.pdb,0.37077,0.96875,0.03125,0.62923
wzg,wzg_seq12.pdb,wzg_seq6.pdb,0.36669,0.96875,0.03125,0.63331
wzg,wzg_seq12.pdb,wzg_seq24.pdb,0.3173,0.9666666666666667,0.033333333333333326,0.6827
wzg,wzg_seq12.pdb,wzg_seq22.pdb,0.34284,0.96875,0.03125,0.65716
wzg,wzg_seq12.pdb,wzg_seq9.pdb,0.37873,0.9708333333333333,0.029166666666666674,0.62127
wzg,wzg_seq12.pdb,wzg_seq50.pdb,0.35873,0.9875259875259875,0.012474012474012475,0.64127
wzg,wzg_seq12.pdb,wzg_seq60.pdb,0.38543,0.9708939708939709,0.029106029106029108,0.6145700000000001
wzg,wzg_seq12.pdb,wzg_seq25.pdb,0.34148,0.9666666666666667,0.033333333333333326,0.65852
wzg,wzg_seq12.pdb,wzg_seq10.pdb,0.37551,0.9667359667359667,0.033264033264033266,0.62449
wzg,wzg_seq12.pdb,wzg_seq51.pdb,0.37984,0.975,0.025000000000000022,0.62016
wzg,wzg_seq12.pdb,wzg_seq8.pdb,0.34958,0.96875,0.03125,0.65042
wzg,wzg_seq12.pdb,wzg_seq4.pdb,0.39273,0.96875,0.03125,0.60727
wzg,wzg_seq12.pdb,wzg_seq46.pdb,0.35542,0.9666666666666667,0.033333333333333326,0.6445799999999999
wzg,wzg_seq12.pdb,wzg_seq63.pdb,0.3766,0.96875,0.03125,0.6234
wzg,wzg_seq12.pdb,wzg_seq3.pdb,0.36082,0.9519832985386222,0.04801670146137782,0.6391800000000001
wzg,wzg_seq12.pdb,wzg_seq29.pdb,0.39883,0.9896049896049897,0.01039501039501034,0.60117
wzg,wzg_seq12.pdb,wzg_seq61.pdb,0.36281,0.9625,0.03749999999999998,0.6371899999999999
wzg,wzg_seq0.pdb,wzg_seq27.pdb,0.3576,0.9563409563409564,0.043659043659043606,0.6424000000000001
wzg,wzg_seq0.pdb,wzg_seq7.pdb,0.38603,0.9563409563409564,0.043659043659043606,0.61397
wzg,wzg_seq0.pdb,wzg_seq26.pdb,0.36567,0.9792099792099792,0.02079002079002079,0.6343300000000001
wzg,wzg_seq0.pdb,wzg_seq47.pdb,0.36569,0.975051975051975,0.02494802494802495,0.6343099999999999
wzg,wzg_seq0.pdb,wzg_seq38.pdb,0.36506,0.9521829521829522,0.047817047817047764,0.6349400000000001
wzg,wzg_seq0.pdb,wzg_seq43.pdb,0.33755,0.9542619542619543,0.04573804573804574,0.66245
wzg,wzg_seq0.pdb,wzg_seq9.pdb,0.38428,0.9542619542619543,0.04573804573804574,0.61572
wzg,wzg_seq0.pdb,wzg_seq15.pdb,0.39569,0.9563409563409564,0.043659043659043606,0.60431
wzg,wzg_seq0.pdb,wzg_seq42.pdb,0.32298,0.9604989604989606,0.03950103950103945,0.67702
wzg,wzg_seq0.pdb,wzg_seq21.pdb,0.36183,0.9542619542619543,0.04573804573804574,0.63817
wzg,wzg_seq0.pdb,wzg_seq32.pdb,0.37177,0.9667359667359667,0.033264033264033266,0.6282300000000001
wzg,wzg_seq0.pdb,wzg_seq16.pdb,0.39156,0.9501039501039501,0.0498960498960499,0.60844
wzg,wzg_seq0.pdb,wzg_seq39.pdb,0.36525,0.9584199584199584,0.04158004158004158,0.6347499999999999
wzg,wzg_seq0.pdb,wzg_seq25.pdb,0.36916,0.9563409563409564,0.043659043659043606,0.6308400000000001
wzg,wzg_seq0.pdb,wzg_seq49.pdb,0.39433,0.9584199584199584,0.04158004158004158,0.6056699999999999
wzg,wzg_seq0.pdb,wzg_seq33.pdb,0.39553,0.9501039501039501,0.0498960498960499,0.6044700000000001
wzg,wzg_seq0.pdb,wzg_seq8.pdb,0.39698,0.9563409563409564,0.043659043659043606,0.60302
wzg,wzg_seq0.pdb,wzg_seq3.pdb,0.39497,0.9771309771309772,0.022869022869022815,0.60503
wzg,wzg_seq0.pdb,wzg_seq31.pdb,0.36704,0.9667359667359667,0.033264033264033266,0.63296
wzg,wzg_seq0.pdb,wzg_seq61.pdb,0.37838,0.9584199584199584,0.04158004158004158,0.6216200000000001
wzg,wzg_seq0.pdb,wzg_seq20.pdb,0.35218,0.9604989604989606,0.03950103950103945,0.6478200000000001
wzg,wzg_seq27.pdb,wzg_seq7.pdb,0.36501,0.9646569646569647,0.03534303534303529,0.6349899999999999
wzg,wzg_seq27.pdb,wzg_seq2.pdb,0.37304,0.9646569646569647,0.03534303534303529,0.62696
wzg,wzg_seq27.pdb,wzg_seq53.pdb,0.35242,0.9708333333333333,0.029166666666666674,0.64758
wzg,wzg_seq27.pdb,wzg_seq40.pdb,0.3591,0.9812889812889813,0.018711018711018657,0.6409
wzg,wzg_seq27.pdb,wzg_seq45.pdb,0.35696,0.9625779625779626,0.037422037422037424,0.6430400000000001
wzg,wzg_seq27.pdb,wzg_seq22.pdb,0.34091,0.9854469854469855,0.014553014553014498,0.65909
wzg,wzg_seq27.pdb,wzg_seq43.pdb,0.39594,0.975051975051975,0.02494802494802495,0.60406
wzg,wzg_seq27.pdb,wzg_seq42.pdb,0.34762,0.9854469854469855,0.014553014553014498,0.65238
wzg,wzg_seq27.pdb,wzg_seq50.pdb,0.38994,0.9666666666666667,0.033333333333333326,0.61006
wzg,wzg_seq27.pdb,wzg_seq16.pdb,0.39544,0.9854469854469855,0.014553014553014498,0.60456
wzg,wzg_seq27.pdb,wzg_seq34.pdb,0.36883,0.9542619542619543,0.04573804573804574,0.63117
wzg,wzg_seq27.pdb,wzg_seq49.pdb,0.32534,0.9833679833679834,0.016632016632016633,0.67466
wzg,wzg_seq27.pdb,wzg_seq13.pdb,0.36259,0.9625,0.03749999999999998,0.63741
wzg,wzg_seq27.pdb,wzg_seq10.pdb,0.34317,0.9854469854469855,0.014553014553014498,0.65683
wzg,wzg_seq27.pdb,wzg_seq51.pdb,0.38477,0.9875259875259875,0.012474012474012475,0.6152299999999999
wzg,wzg_seq27.pdb,wzg_seq37.pdb,0.3804,0.9667359667359667,0.033264033264033266,0.6195999999999999
wzg,wzg_seq27.pdb,wzg_seq4.pdb,0.36575,0.9792099792099792,0.02079002079002079,0.63425
wzg,wzg_seq27.pdb,wzg_seq46.pdb,0.3596,0.975051975051975,0.02494802494802495,0.6404000000000001
wzg,wzg_seq27.pdb,wzg_seq55.pdb,0.37632,0.9625779625779626,0.037422037422037424,0.62368
wzg,wzg_seq27.pdb,wzg_seq35.pdb,0.36124,0.9875259875259875,0.012474012474012475,0.63876
wzg,wzg_seq27.pdb,wzg_seq63.pdb,0.37535,0.9771309771309772,0.022869022869022815,0.6246499999999999
wzg,wzg_seq27.pdb,wzg_seq3.pdb,0.3584,0.9646569646569647,0.03534303534303529,0.6416
wzg,wzg_seq27.pdb,wzg_seq61.pdb,0.37715,0.9833679833679834,0.016632016632016633,0.62285
wzg,wzg_seq27.pdb,wzg_seq23.pdb,0.36931,0.9604989604989606,0.03950103950103945,0.63069
wzg,wzg_seq27.pdb,wzg_seq5.pdb,0.36674,0.9833679833679834,0.016632016632016633,0.6332599999999999
wzg,wzg_seq27.pdb,wzg_seq56.pdb,0.37021,0.9625,0.03749999999999998,0.6297900000000001
wzg,wzg_seq7.pdb,wzg_seq59.pdb,0.35445,0.9771309771309772,0.022869022869022815,0.6455500000000001
wzg,wzg_seq7.pdb,wzg_seq26.pdb,0.33253,0.9667359667359667,0.033264033264033266,0.66747
wzg,wzg_seq7.pdb,wzg_seq2.pdb,0.35107,0.9667359667359667,0.033264033264033266,0.64893
wzg,wzg_seq7.pdb,wzg_seq47.pdb,0.39065,0.9771309771309772,0.022869022869022815,0.6093500000000001
wzg,wzg_seq7.pdb,wzg_seq14.pdb,0.34961,0.9646569646569647,0.03534303534303529,0.65039
wzg,wzg_seq7.pdb,wzg_seq38.pdb,0.32887,0.9625779625779626,0.037422037422037424,0.67113
wzg,wzg_seq7.pdb,wzg_seq62.pdb,0.36799,0.95,0.050000000000000044,0.63201
wzg,wzg_seq7.pdb,wzg_seq45.pdb,0.3846,0.9667359667359667,0.033264033264033266,0.6154
wzg,wzg_seq7.pdb,wzg_seq22.pdb,0.33948,0.9708939708939709,0.029106029106029108,0.66052
wzg,wzg_seq7.pdb,wzg_seq9.pdb,0.38359,0.9646569646569647,0.03534303534303529,0.61641
wzg,wzg_seq7.pdb,wzg_seq42.pdb,0.34641,0.9708939708939709,0.029106029106029108,0.65359
wzg,wzg_seq7.pdb,wzg_seq21.pdb,0.39765,0.9625779625779626,0.037422037422037424,0.6023499999999999
wzg,wzg_seq7.pdb,wzg_seq25.pdb,0.37032,0.9688149688149689,0.03118503118503113,0.62968
wzg,wzg_seq7.pdb,wzg_seq54.pdb,0.34863,0.95,0.050000000000000044,0.65137
wzg,wzg_seq7.pdb,wzg_seq58.pdb,0.36809,0.9667359667359667,0.033264033264033266,0.63191
wzg,wzg_seq7.pdb,wzg_seq55.pdb,0.39408,0.9667359667359667,0.033264033264033266,0.60592
wzg,wzg_seq7.pdb,wzg_seq35.pdb,0.39106,0.972972972972973,0.027027027027026973,0.60894
wzg,wzg_seq7.pdb,wzg_seq63.pdb,0.39889,0.9625779625779626,0.037422037422037424,0.60111
wzg,wzg_seq7.pdb,wzg_seq31.pdb,0.39947,0.9563409563409564,0.043659043659043606,0.60053
wzg,wzg_seq7.pdb,wzg_seq61.pdb,0.32626,0.9646569646569647,0.03534303534303529,0.67374
wzg,wzg_seq7.pdb,wzg_seq20.pdb,0.38908,0.9625779625779626,0.037422037422037424,0.61092
wzg,wzg_seq7.pdb,wzg_seq23.pdb,0.34734,0.9646569646569647,0.03534303534303529,0.65266
wzg,wzg_seq59.pdb,wzg_seq26.pdb,0.39273,0.9646569646569647,0.03534303534303529,0.60727
wzg,wzg_seq59.pdb,wzg_seq2.pdb,0.34503,0.9646569646569647,0.03534303534303529,0.65497
wzg,wzg_seq59.pdb,wzg_seq47.pdb,0.29277,0.9792099792099792,0.02079002079002079,0.70723
wzg,wzg_seq59.pdb,wzg_seq14.pdb,0.34619,0.9833679833679834,0.016632016632016633,0.65381
wzg,wzg_seq59.pdb,wzg_seq40.pdb,0.39962,0.9854469854469855,0.014553014553014498,0.60038
wzg,wzg_seq59.pdb,wzg_seq62.pdb,0.36754,0.9604166666666667,0.039583333333333304,0.63246
wzg,wzg_seq59.pdb,wzg_seq24.pdb,0.33646,0.9833679833679834,0.016632016632016633,0.66354
wzg,wzg_seq59.pdb,wzg_seq45.pdb,0.38645,0.9646569646569647,0.03534303534303529,0.61355
wzg,wzg_seq59.pdb,wzg_seq22.pdb,0.30591,0.9854469854469855,0.014553014553014498,0.69409
wzg,wzg_seq59.pdb,wzg_seq42.pdb,0.3956,0.9854469854469855,0.014553014553014498,0.6044
wzg,wzg_seq59.pdb,wzg_seq60.pdb,0.36807,0.95,0.050000000000000044,0.63193
wzg,wzg_seq59.pdb,wzg_seq16.pdb,0.35257,0.9771309771309772,0.022869022869022815,0.64743
wzg,wzg_seq59.pdb,wzg_seq34.pdb,0.33932,0.9501039501039501,0.0498960498960499,0.6606799999999999
wzg,wzg_seq59.pdb,wzg_seq49.pdb,0.36487,0.9875259875259875,0.012474012474012475,0.63513
wzg,wzg_seq59.pdb,wzg_seq13.pdb,0.3942,0.9604166666666667,0.039583333333333304,0.6058
wzg,wzg_seq59.pdb,wzg_seq10.pdb,0.3295,0.9812889812889813,0.018711018711018657,0.6705
wzg,wzg_seq59.pdb,wzg_seq37.pdb,0.34186,0.9688149688149689,0.03118503118503113,0.65814
wzg,wzg_seq59.pdb,wzg_seq4.pdb,0.38507,0.9833679833679834,0.016632016632016633,0.61493
wzg,wzg_seq59.pdb,wzg_seq46.pdb,0.37855,0.9792099792099792,0.02079002079002079,0.6214500000000001
wzg,wzg_seq59.pdb,wzg_seq55.pdb,0.34317,0.9646569646569647,0.03534303534303529,0.65683
wzg,wzg_seq59.pdb,wzg_seq35.pdb,0.32783,0.9833679833679834,0.016632016632016633,0.6721699999999999
wzg,wzg_seq59.pdb,wzg_seq63.pdb,0.35816,0.9812889812889813,0.018711018711018657,0.64184
wzg,wzg_seq59.pdb,wzg_seq3.pdb,0.33817,0.9625779625779626,0.037422037422037424,0.6618299999999999
wzg,wzg_seq59.pdb,wzg_seq29.pdb,0.39822,0.96875,0.03125,0.60178
wzg,wzg_seq59.pdb,wzg_seq31.pdb,0.38618,0.9542619542619543,0.04573804573804574,0.61382
wzg,wzg_seq59.pdb,wzg_seq23.pdb,0.34252,0.9625779625779626,0.037422037422037424,0.6574800000000001
wzg,wzg_seq59.pdb,wzg_seq5.pdb,0.38612,0.9792099792099792,0.02079002079002079,0.61388
wzg,wzg_seq59.pdb,wzg_seq56.pdb,0.35706,0.9625,0.03749999999999998,0.6429400000000001
wzg,wzg_seq26.pdb,wzg_seq2.pdb,0.32693,0.9875259875259875,0.012474012474012475,0.6730700000000001
wzg,wzg_seq26.pdb,wzg_seq47.pdb,0.35764,0.972972972972973,0.027027027027026973,0.64236
wzg,wzg_seq26.pdb,wzg_seq14.pdb,0.38582,0.9667359667359667,0.033264033264033266,0.61418
wzg,wzg_seq26.pdb,wzg_seq40.pdb,0.3654,0.9708939708939709,0.029106029106029108,0.6346
wzg,wzg_seq26.pdb,wzg_seq45.pdb,0.36567,1.0,0.0,0.6343300000000001
wzg,wzg_seq26.pdb,wzg_seq22.pdb,0.34199,0.972972972972973,0.027027027027026973,0.65801
wzg,wzg_seq26.pdb,wzg_seq43.pdb,0.3965,0.9646569646569647,0.03534303534303529,0.6034999999999999
wzg,wzg_seq26.pdb,wzg_seq42.pdb,0.37471,0.972972972972973,0.027027027027026973,0.62529
wzg,wzg_seq26.pdb,wzg_seq16.pdb,0.344,0.9563409563409564,0.043659043659043606,0.656
wzg,wzg_seq26.pdb,wzg_seq49.pdb,0.38408,0.9646569646569647,0.03534303534303529,0.61592
wzg,wzg_seq26.pdb,wzg_seq58.pdb,0.35148,0.9625779625779626,0.037422037422037424,0.64852
wzg,wzg_seq26.pdb,wzg_seq10.pdb,0.36004,0.9584199584199584,0.04158004158004158,0.63996
wzg,wzg_seq26.pdb,wzg_seq51.pdb,0.38541,0.9688149688149689,0.03118503118503113,0.61459
wzg,wzg_seq26.pdb,wzg_seq37.pdb,0.33875,0.9916839916839917,0.008316008316008316,0.66125
wzg,wzg_seq26.pdb,wzg_seq4.pdb,0.34426,0.9604989604989606,0.03950103950103945,0.65574
wzg,wzg_seq26.pdb,wzg_seq46.pdb,0.32468,0.9646569646569647,0.03534303534303529,0.6753199999999999
wzg,wzg_seq26.pdb,wzg_seq55.pdb,0.37848,0.9916839916839917,0.008316008316008316,0.6215200000000001
wzg,wzg_seq26.pdb,wzg_seq35.pdb,0.35199,0.975051975051975,0.02494802494802495,0.64801
wzg,wzg_seq26.pdb,wzg_seq3.pdb,0.35274,0.9854469854469855,0.014553014553014498,0.64726
wzg,wzg_seq26.pdb,wzg_seq61.pdb,0.33862,0.9625779625779626,0.037422037422037424,0.6613800000000001
wzg,wzg_seq26.pdb,wzg_seq23.pdb,0.38427,0.9896049896049897,0.01039501039501034,0.61573
wzg,wzg_seq26.pdb,wzg_seq11.pdb,0.39883,0.9584199584199584,0.04158004158004158,0.60117
wzg,wzg_seq26.pdb,wzg_seq5.pdb,0.32949,0.9625779625779626,0.037422037422037424,0.6705099999999999
wzg,wzg_seq2.pdb,wzg_seq47.pdb,0.35981,0.972972972972973,0.027027027027026973,0.64019
wzg,wzg_seq2.pdb,wzg_seq38.pdb,0.37583,0.9563409563409564,0.043659043659043606,0.62417
wzg,wzg_seq2.pdb,wzg_seq6.pdb,0.39396,0.9667359667359667,0.033264033264033266,0.60604
wzg,wzg_seq2.pdb,wzg_seq22.pdb,0.35842,0.9688149688149689,0.03118503118503113,0.64158
wzg,wzg_seq2.pdb,wzg_seq43.pdb,0.3238,0.9584199584199584,0.04158004158004158,0.6762
wzg,wzg_seq2.pdb,wzg_seq9.pdb,0.38211,0.9625779625779626,0.037422037422037424,0.61789
wzg,wzg_seq2.pdb,wzg_seq15.pdb,0.37637,0.9604989604989606,0.03950103950103945,0.62363
wzg,wzg_seq2.pdb,wzg_seq42.pdb,0.36419,0.9688149688149689,0.03118503118503113,0.63581
wzg,wzg_seq2.pdb,wzg_seq21.pdb,0.38222,0.9563409563409564,0.043659043659043606,0.61778
wzg,wzg_seq2.pdb,wzg_seq32.pdb,0.38735,0.9771309771309772,0.022869022869022815,0.6126499999999999
wzg,wzg_seq2.pdb,wzg_seq16.pdb,0.37365,0.9584199584199584,0.04158004158004158,0.62635
wzg,wzg_seq2.pdb,wzg_seq39.pdb,0.34311,0.9667359667359667,0.033264033264033266,0.65689
wzg,wzg_seq2.pdb,wzg_seq25.pdb,0.35377,0.9688149688149689,0.03118503118503113,0.6462300000000001
wzg,wzg_seq2.pdb,wzg_seq58.pdb,0.39598,0.9625779625779626,0.037422037422037424,0.60402
wzg,wzg_seq2.pdb,wzg_seq10.pdb,0.39282,0.9604989604989606,0.03950103950103945,0.60718
wzg,wzg_seq2.pdb,wzg_seq33.pdb,0.34773,0.9584199584199584,0.04158004158004158,0.65227
wzg,wzg_seq2.pdb,wzg_seq30.pdb,0.34864,0.9688149688149689,0.03118503118503113,0.6513599999999999
wzg,wzg_seq2.pdb,wzg_seq8.pdb,0.39503,0.9604989604989606,0.03950103950103945,0.60497
wzg,wzg_seq2.pdb,wzg_seq46.pdb,0.34447,0.9584199584199584,0.04158004158004158,0.65553
wzg,wzg_seq2.pdb,wzg_seq3.pdb,0.38253,0.9916839916839917,0.008316008316008316,0.61747
wzg,wzg_seq2.pdb,wzg_seq31.pdb,0.36383,0.9771309771309772,0.022869022869022815,0.63617
wzg,wzg_seq2.pdb,wzg_seq61.pdb,0.37154,0.9604989604989606,0.03950103950103945,0.62846
wzg,wzg_seq2.pdb,wzg_seq20.pdb,0.39802,0.9584199584199584,0.04158004158004158,0.60198
wzg,wzg_seq2.pdb,wzg_seq11.pdb,0.39116,0.9604989604989606,0.03950103950103945,0.60884
wzg,wzg_seq47.pdb,wzg_seq38.pdb,0.3348,0.9708939708939709,0.029106029106029108,0.6652
wzg,wzg_seq47.pdb,wzg_seq53.pdb,0.39141,0.9583333333333334,0.04166666666666663,0.60859
wzg,wzg_seq47.pdb,wzg_seq6.pdb,0.38005,0.9771309771309772,0.022869022869022815,0.61995
wzg,wzg_seq47.pdb,wzg_seq62.pdb,0.37013,0.9645833333333333,0.03541666666666665,0.6298699999999999
wzg,wzg_seq47.pdb,wzg_seq24.pdb,0.37799,0.975051975051975,0.02494802494802495,0.62201
wzg,wzg_seq47.pdb,wzg_seq43.pdb,0.38008,0.972972972972973,0.027027027027026973,0.61992
wzg,wzg_seq47.pdb,wzg_seq9.pdb,0.33817,0.975051975051975,0.02494802494802495,0.6618299999999999
wzg,wzg_seq47.pdb,wzg_seq52.pdb,0.38547,0.9666666666666667,0.033333333333333326,0.61453
wzg,wzg_seq47.pdb,wzg_seq21.pdb,0.356,0.972972972972973,0.027027027027026973,0.644
wzg,wzg_seq47.pdb,wzg_seq25.pdb,0.31866,0.975051975051975,0.02494802494802495,0.6813400000000001
wzg,wzg_seq47.pdb,wzg_seq49.pdb,0.39609,0.9792099792099792,0.02079002079002079,0.60391
wzg,wzg_seq47.pdb,wzg_seq1.pdb,0.37828,0.9666666666666667,0.033333333333333326,0.62172
wzg,wzg_seq47.pdb,wzg_seq54.pdb,0.36465,0.9645833333333333,0.03541666666666665,0.6353500000000001
wzg,wzg_seq47.pdb,wzg_seq13.pdb,0.36797,0.9520833333333333,0.04791666666666672,0.63203
wzg,wzg_seq47.pdb,wzg_seq58.pdb,0.33021,0.9771309771309772,0.022869022869022815,0.66979
wzg,wzg_seq47.pdb,wzg_seq8.pdb,0.35757,0.9771309771309772,0.022869022869022815,0.6424300000000001
wzg,wzg_seq47.pdb,wzg_seq4.pdb,0.37373,0.975051975051975,0.02494802494802495,0.62627
wzg,wzg_seq47.pdb,wzg_seq63.pdb,0.3752,0.975051975051975,0.02494802494802495,0.6248
wzg,wzg_seq47.pdb,wzg_seq3.pdb,0.3949,0.9708939708939709,0.029106029106029108,0.6051
wzg,wzg_seq47.pdb,wzg_seq61.pdb,0.34141,0.975051975051975,0.02494802494802495,0.65859
wzg,wzg_seq47.pdb,wzg_seq20.pdb,0.34452,0.972972972972973,0.027027027027026973,0.6554800000000001
wzg,wzg_seq47.pdb,wzg_seq41.pdb,0.38006,0.9604166666666667,0.039583333333333304,0.6199399999999999
wzg,wzg_seq47.pdb,wzg_seq23.pdb,0.37494,0.9708939708939709,0.029106029106029108,0.62506
wzg,wzg_seq14.pdb,wzg_seq38.pdb,0.37183,0.9771309771309772,0.022869022869022815,0.62817
wzg,wzg_seq14.pdb,wzg_seq53.pdb,0.39467,0.9666666666666667,0.033333333333333326,0.6053299999999999
wzg,wzg_seq14.pdb,wzg_seq40.pdb,0.39723,0.9854469854469855,0.014553014553014498,0.60277
wzg,wzg_seq14.pdb,wzg_seq6.pdb,0.37375,0.9812889812889813,0.018711018711018657,0.62625
wzg,wzg_seq14.pdb,wzg_seq62.pdb,0.38748,0.9645833333333333,0.03541666666666665,0.61252
wzg,wzg_seq14.pdb,wzg_seq24.pdb,0.31664,0.9833679833679834,0.016632016632016633,0.68336
wzg,wzg_seq14.pdb,wzg_seq22.pdb,0.33253,0.9854469854469855,0.014553014553014498,0.66747
wzg,wzg_seq14.pdb,wzg_seq43.pdb,0.37319,0.9937629937629938,0.006237006237006182,0.62681
wzg,wzg_seq14.pdb,wzg_seq9.pdb,0.38554,0.9833679833679834,0.016632016632016633,0.61446
wzg,wzg_seq14.pdb,wzg_seq15.pdb,0.39946,1.0,0.0,0.6005400000000001
wzg,wzg_seq14.pdb,wzg_seq21.pdb,0.39382,0.9771309771309772,0.022869022869022815,0.6061799999999999
wzg,wzg_seq14.pdb,wzg_seq32.pdb,0.39629,0.9501039501039501,0.0498960498960499,0.60371
wzg,wzg_seq14.pdb,wzg_seq39.pdb,0.39984,0.9854469854469855,0.014553014553014498,0.60016
wzg,wzg_seq14.pdb,wzg_seq34.pdb,0.37593,0.9501039501039501,0.0498960498960499,0.62407
wzg,wzg_seq14.pdb,wzg_seq25.pdb,0.35096,0.9833679833679834,0.016632016632016633,0.6490400000000001
wzg,wzg_seq14.pdb,wzg_seq49.pdb,0.39313,0.9833679833679834,0.016632016632016633,0.60687
wzg,wzg_seq14.pdb,wzg_seq1.pdb,0.3528,0.9666666666666667,0.033333333333333326,0.6472
wzg,wzg_seq14.pdb,wzg_seq54.pdb,0.38502,0.96875,0.03125,0.6149800000000001
wzg,wzg_seq14.pdb,wzg_seq58.pdb,0.39319,0.9896049896049897,0.01039501039501034,0.6068100000000001
wzg,wzg_seq14.pdb,wzg_seq10.pdb,0.35742,0.9812889812889813,0.018711018711018657,0.6425799999999999
wzg,wzg_seq14.pdb,wzg_seq8.pdb,0.38431,0.9812889812889813,0.018711018711018657,0.6156900000000001
wzg,wzg_seq14.pdb,wzg_seq37.pdb,0.36697,0.9688149688149689,0.03118503118503113,0.63303
wzg,wzg_seq14.pdb,wzg_seq4.pdb,0.39912,0.9792099792099792,0.02079002079002079,0.6008800000000001
wzg,wzg_seq14.pdb,wzg_seq46.pdb,0.34246,0.9937629937629938,0.006237006237006182,0.65754
wzg,wzg_seq14.pdb,wzg_seq28.pdb,0.37662,0.9604166666666667,0.039583333333333304,0.62338
wzg,wzg_seq14.pdb,wzg_seq63.pdb,0.35416,0.9812889812889813,0.018711018711018657,0.64584
wzg,wzg_seq14.pdb,wzg_seq3.pdb,0.34549,0.9625779625779626,0.037422037422037424,0.6545099999999999
wzg,wzg_seq14.pdb,wzg_seq29.pdb,0.39572,0.9729166666666667,0.027083333333333348,0.6042799999999999
wzg,wzg_seq14.pdb,wzg_seq31.pdb,0.382,0.9501039501039501,0.0498960498960499,0.618
wzg,wzg_seq14.pdb,wzg_seq61.pdb,0.37654,0.9792099792099792,0.02079002079002079,0.62346
wzg,wzg_seq14.pdb,wzg_seq20.pdb,0.37534,0.9812889812889813,0.018711018711018657,0.62466
wzg,wzg_seq14.pdb,wzg_seq41.pdb,0.39054,0.9729166666666667,0.027083333333333348,0.60946
wzg,wzg_seq14.pdb,wzg_seq5.pdb,0.37593,0.9708939708939709,0.029106029106029108,0.62407
wzg,wzg_seq38.pdb,wzg_seq40.pdb,0.35468,0.9833679833679834,0.016632016632016633,0.64532
wzg,wzg_seq38.pdb,wzg_seq24.pdb,0.36182,0.9833679833679834,0.016632016632016633,0.63818
wzg,wzg_seq38.pdb,wzg_seq45.pdb,0.33472,0.9584199584199584,0.04158004158004158,0.66528
wzg,wzg_seq38.pdb,wzg_seq22.pdb,0.33437,0.9833679833679834,0.016632016632016633,0.6656299999999999
wzg,wzg_seq38.pdb,wzg_seq43.pdb,0.35151,0.972972972972973,0.027027027027026973,0.64849
wzg,wzg_seq38.pdb,wzg_seq50.pdb,0.39509,0.9708333333333333,0.029166666666666674,0.6049100000000001
wzg,wzg_seq38.pdb,wzg_seq16.pdb,0.35438,0.975051975051975,0.02494802494802495,0.6456200000000001
wzg,wzg_seq38.pdb,wzg_seq10.pdb,0.3571,0.9771309771309772,0.022869022869022815,0.6429
wzg,wzg_seq38.pdb,wzg_seq37.pdb,0.30425,0.9625779625779626,0.037422037422037424,0.69575
wzg,wzg_seq38.pdb,wzg_seq4.pdb,0.38609,0.972972972972973,0.027027027027026973,0.61391
wzg,wzg_seq38.pdb,wzg_seq46.pdb,0.29541,0.972972972972973,0.027027027027026973,0.70459
wzg,wzg_seq38.pdb,wzg_seq55.pdb,0.35999,0.9584199584199584,0.04158004158004158,0.64001
wzg,wzg_seq38.pdb,wzg_seq35.pdb,0.37023,0.9771309771309772,0.022869022869022815,0.6297699999999999
wzg,wzg_seq38.pdb,wzg_seq63.pdb,0.35736,0.9771309771309772,0.022869022869022815,0.64264
wzg,wzg_seq38.pdb,wzg_seq3.pdb,0.36495,0.9604989604989606,0.03950103950103945,0.63505
wzg,wzg_seq38.pdb,wzg_seq23.pdb,0.3868,0.9563409563409564,0.043659043659043606,0.6132
wzg,wzg_seq38.pdb,wzg_seq5.pdb,0.30061,0.9688149688149689,0.03118503118503113,0.69939
wzg,wzg_seq38.pdb,wzg_seq56.pdb,0.35701,0.95625,0.043749999999999956,0.64299
wzg,wzg_seq53.pdb,wzg_seq40.pdb,0.35335,0.96875,0.03125,0.64665
wzg,wzg_seq53.pdb,wzg_seq24.pdb,0.34356,0.96875,0.03125,0.65644
wzg,wzg_seq53.pdb,wzg_seq22.pdb,0.34996,0.96875,0.03125,0.65004
wzg,wzg_seq53.pdb,wzg_seq43.pdb,0.38851,0.9625,0.03749999999999998,0.61149
wzg,wzg_seq53.pdb,wzg_seq50.pdb,0.36427,0.9875259875259875,0.012474012474012475,0.63573
wzg,wzg_seq53.pdb,wzg_seq16.pdb,0.37549,0.96875,0.03125,0.62451
wzg,wzg_seq53.pdb,wzg_seq25.pdb,0.33704,0.96875,0.03125,0.66296
wzg,wzg_seq53.pdb,wzg_seq10.pdb,0.35719,0.9667359667359667,0.033264033264033266,0.64281
wzg,wzg_seq53.pdb,wzg_seq33.pdb,0.38513,0.96875,0.03125,0.61487
wzg,wzg_seq53.pdb,wzg_seq46.pdb,0.33043,0.9625,0.03749999999999998,0.66957
wzg,wzg_seq53.pdb,wzg_seq35.pdb,0.38985,0.9625,0.03749999999999998,0.61015
wzg,wzg_seq53.pdb,wzg_seq63.pdb,0.34169,0.96875,0.03125,0.65831
wzg,wzg_seq53.pdb,wzg_seq3.pdb,0.39831,0.9519832985386222,0.04801670146137782,0.6016900000000001
wzg,wzg_seq18.pdb,wzg_seq17.pdb,0.30064,0.997920997920998,0.0020790020790020236,0.69936
wzg,wzg_seq40.pdb,wzg_seq62.pdb,0.35479,0.9625,0.03749999999999998,0.6452100000000001
wzg,wzg_seq40.pdb,wzg_seq43.pdb,0.36569,0.9812889812889813,0.018711018711018657,0.6343099999999999
wzg,wzg_seq40.pdb,wzg_seq9.pdb,0.33005,0.9812889812889813,0.018711018711018657,0.66995
wzg,wzg_seq40.pdb,wzg_seq21.pdb,0.3696,0.9833679833679834,0.016632016632016633,0.6304000000000001
wzg,wzg_seq40.pdb,wzg_seq60.pdb,0.33764,0.9541666666666667,0.04583333333333328,0.6623600000000001
wzg,wzg_seq40.pdb,wzg_seq1.pdb,0.37861,0.9645833333333333,0.03541666666666665,0.62139
wzg,wzg_seq40.pdb,wzg_seq54.pdb,0.38831,0.9708333333333333,0.029166666666666674,0.6116900000000001
wzg,wzg_seq40.pdb,wzg_seq13.pdb,0.37667,0.9625,0.03749999999999998,0.6233299999999999
wzg,wzg_seq40.pdb,wzg_seq58.pdb,0.35245,0.9833679833679834,0.016632016632016633,0.6475500000000001
wzg,wzg_seq40.pdb,wzg_seq8.pdb,0.35512,0.9833679833679834,0.016632016632016633,0.64488
wzg,wzg_seq40.pdb,wzg_seq3.pdb,0.39269,0.9646569646569647,0.03534303534303529,0.60731
wzg,wzg_seq40.pdb,wzg_seq61.pdb,0.359,0.9854469854469855,0.014553014553014498,0.641
wzg,wzg_seq40.pdb,wzg_seq20.pdb,0.3486,0.9875259875259875,0.012474012474012475,0.6514
wzg,wzg_seq40.pdb,wzg_seq41.pdb,0.37585,0.975,0.025000000000000022,0.62415
wzg,wzg_seq40.pdb,wzg_seq23.pdb,0.38321,0.9688149688149689,0.03118503118503113,0.61679
wzg,wzg_seq6.pdb,wzg_seq55.pdb,0.38654,0.9646569646569647,0.03534303534303529,0.61346
wzg,wzg_seq6.pdb,wzg_seq35.pdb,0.35507,0.9854469854469855,0.014553014553014498,0.64493
wzg,wzg_seq6.pdb,wzg_seq63.pdb,0.36324,0.9792099792099792,0.02079002079002079,0.63676
wzg,wzg_seq6.pdb,wzg_seq23.pdb,0.39637,0.9625779625779626,0.037422037422037424,0.60363
wzg,wzg_seq62.pdb,wzg_seq24.pdb,0.31084,0.9625,0.03749999999999998,0.68916
wzg,wzg_seq62.pdb,wzg_seq45.pdb,0.35223,0.95,0.050000000000000044,0.64777
wzg,wzg_seq62.pdb,wzg_seq22.pdb,0.33683,0.9625,0.03749999999999998,0.66317
wzg,wzg_seq62.pdb,wzg_seq43.pdb,0.37823,0.9625,0.03749999999999998,0.6217699999999999
wzg,wzg_seq62.pdb,wzg_seq15.pdb,0.35986,0.9645833333333333,0.03541666666666665,0.6401399999999999
wzg,wzg_seq62.pdb,wzg_seq50.pdb,0.34367,0.9875259875259875,0.012474012474012475,0.6563300000000001
wzg,wzg_seq62.pdb,wzg_seq16.pdb,0.33161,0.9583333333333334,0.04166666666666663,0.66839
wzg,wzg_seq62.pdb,wzg_seq10.pdb,0.39516,0.9625779625779626,0.037422037422037424,0.60484
wzg,wzg_seq62.pdb,wzg_seq37.pdb,0.35229,0.9541666666666667,0.04583333333333328,0.64771
wzg,wzg_seq62.pdb,wzg_seq4.pdb,0.38869,0.9583333333333334,0.04166666666666663,0.61131
wzg,wzg_seq62.pdb,wzg_seq46.pdb,0.32702,0.9625,0.03749999999999998,0.67298
wzg,wzg_seq62.pdb,wzg_seq63.pdb,0.34701,0.9604166666666667,0.039583333333333304,0.65299
wzg,wzg_seq62.pdb,wzg_seq5.pdb,0.32927,0.9583333333333334,0.04166666666666663,0.67073
wzg,wzg_seq24.pdb,wzg_seq43.pdb,0.39088,0.9792099792099792,0.02079002079002079,0.60912
wzg,wzg_seq24.pdb,wzg_seq52.pdb,0.36518,0.9708333333333333,0.029166666666666674,0.6348199999999999
wzg,wzg_seq24.pdb,wzg_seq42.pdb,0.29978,0.9937629937629938,0.006237006237006182,0.7002200000000001
wzg,wzg_seq24.pdb,wzg_seq21.pdb,0.3542,0.9833679833679834,0.016632016632016633,0.6457999999999999
wzg,wzg_seq24.pdb,wzg_seq60.pdb,0.31871,0.9520833333333333,0.04791666666666672,0.68129
wzg,wzg_seq24.pdb,wzg_seq16.pdb,0.38899,0.9792099792099792,0.02079002079002079,0.61101
wzg,wzg_seq24.pdb,wzg_seq25.pdb,0.36813,1.0,0.0,0.6318699999999999
wzg,wzg_seq24.pdb,wzg_seq49.pdb,0.37571,0.9833679833679834,0.016632016632016633,0.62429
wzg,wzg_seq24.pdb,wzg_seq54.pdb,0.35349,0.96875,0.03125,0.6465099999999999
wzg,wzg_seq24.pdb,wzg_seq13.pdb,0.34583,0.9645833333333333,0.03541666666666665,0.6541699999999999
wzg,wzg_seq24.pdb,wzg_seq58.pdb,0.36573,0.9812889812889813,0.018711018711018657,0.63427
wzg,wzg_seq24.pdb,wzg_seq33.pdb,0.39032,0.9792099792099792,0.02079002079002079,0.60968
wzg,wzg_seq24.pdb,wzg_seq55.pdb,0.36341,0.9688149688149689,0.03118503118503113,0.63659
wzg,wzg_seq24.pdb,wzg_seq35.pdb,0.332,0.9875259875259875,0.012474012474012475,0.6679999999999999
wzg,wzg_seq24.pdb,wzg_seq61.pdb,0.35098,0.9854469854469855,0.014553014553014498,0.6490199999999999
wzg,wzg_seq24.pdb,wzg_seq20.pdb,0.35596,0.9854469854469855,0.014553014553014498,0.64404
wzg,wzg_seq24.pdb,wzg_seq23.pdb,0.33141,0.9667359667359667,0.033264033264033266,0.66859
wzg,wzg_seq45.pdb,wzg_seq43.pdb,0.38204,0.9646569646569647,0.03534303534303529,0.6179600000000001
wzg,wzg_seq45.pdb,wzg_seq15.pdb,0.38947,0.9667359667359667,0.033264033264033266,0.61053
wzg,wzg_seq45.pdb,wzg_seq42.pdb,0.37997,0.972972972972973,0.027027027027026973,0.6200300000000001
wzg,wzg_seq45.pdb,wzg_seq21.pdb,0.34516,0.9584199584199584,0.04158004158004158,0.65484
wzg,wzg_seq45.pdb,wzg_seq32.pdb,0.3775,0.9771309771309772,0.022869022869022815,0.6225
wzg,wzg_seq45.pdb,wzg_seq39.pdb,0.34541,0.9708939708939709,0.029106029106029108,0.65459
wzg,wzg_seq45.pdb,wzg_seq25.pdb,0.36806,0.9688149688149689,0.03118503118503113,0.63194
wzg,wzg_seq45.pdb,wzg_seq49.pdb,0.3396,0.9646569646569647,0.03534303534303529,0.6604
wzg,wzg_seq45.pdb,wzg_seq58.pdb,0.32474,0.9625779625779626,0.037422037422037424,0.67526
wzg,wzg_seq45.pdb,wzg_seq33.pdb,0.3624,0.9563409563409564,0.043659043659043606,0.6376
wzg,wzg_seq45.pdb,wzg_seq30.pdb,0.39817,0.9667359667359667,0.033264033264033266,0.60183
wzg,wzg_seq45.pdb,wzg_seq8.pdb,0.37847,0.9584199584199584,0.04158004158004158,0.62153
wzg,wzg_seq45.pdb,wzg_seq3.pdb,0.38598,0.9854469854469855,0.014553014553014498,0.61402
wzg,wzg_seq45.pdb,wzg_seq31.pdb,0.36709,0.9771309771309772,0.022869022869022815,0.63291
wzg,wzg_seq45.pdb,wzg_seq61.pdb,0.34721,0.9625779625779626,0.037422037422037424,0.65279
wzg,wzg_seq45.pdb,wzg_seq20.pdb,0.35574,0.9625779625779626,0.037422037422037424,0.64426
wzg,wzg_seq45.pdb,wzg_seq41.pdb,0.3663,0.95,0.050000000000000044,0.6336999999999999
wzg,wzg_seq45.pdb,wzg_seq11.pdb,0.35794,0.9584199584199584,0.04158004158004158,0.6420600000000001
wzg,wzg_seq22.pdb,wzg_seq43.pdb,0.35436,0.9812889812889813,0.018711018711018657,0.64564
wzg,wzg_seq22.pdb,wzg_seq52.pdb,0.33375,0.9729166666666667,0.027083333333333348,0.66625
wzg,wzg_seq22.pdb,wzg_seq15.pdb,0.33957,0.9854469854469855,0.014553014553014498,0.6604300000000001
wzg,wzg_seq22.pdb,wzg_seq42.pdb,0.36016,1.0,0.0,0.63984
wzg,wzg_seq22.pdb,wzg_seq21.pdb,0.33372,0.9833679833679834,0.016632016632016633,0.66628
wzg,wzg_seq22.pdb,wzg_seq50.pdb,0.39687,0.9729166666666667,0.027083333333333348,0.6031299999999999
wzg,wzg_seq22.pdb,wzg_seq60.pdb,0.33742,0.9583333333333334,0.04166666666666663,0.66258
wzg,wzg_seq22.pdb,wzg_seq32.pdb,0.35228,0.9584199584199584,0.04158004158004158,0.6477200000000001
wzg,wzg_seq22.pdb,wzg_seq16.pdb,0.36903,0.9833679833679834,0.016632016632016633,0.63097
wzg,wzg_seq22.pdb,wzg_seq39.pdb,0.35315,0.9958419958419958,0.004158004158004158,0.6468499999999999
wzg,wzg_seq22.pdb,wzg_seq34.pdb,0.3799,0.9563409563409564,0.043659043659043606,0.6201
wzg,wzg_seq22.pdb,wzg_seq25.pdb,0.33173,0.9937629937629938,0.006237006237006182,0.6682699999999999
wzg,wzg_seq22.pdb,wzg_seq49.pdb,0.3023,0.9854469854469855,0.014553014553014498,0.6977
wzg,wzg_seq22.pdb,wzg_seq1.pdb,0.33831,0.9645833333333333,0.03541666666666665,0.66169
wzg,wzg_seq22.pdb,wzg_seq54.pdb,0.35121,0.9708333333333333,0.029166666666666674,0.64879
wzg,wzg_seq22.pdb,wzg_seq13.pdb,0.34713,0.9625,0.03749999999999998,0.6528700000000001
wzg,wzg_seq22.pdb,wzg_seq58.pdb,0.36946,0.9833679833679834,0.016632016632016633,0.63054
wzg,wzg_seq22.pdb,wzg_seq10.pdb,0.39858,0.9792099792099792,0.02079002079002079,0.6014200000000001
wzg,wzg_seq22.pdb,wzg_seq51.pdb,0.3966,0.9896049896049897,0.01039501039501034,0.6033999999999999
wzg,wzg_seq22.pdb,wzg_seq33.pdb,0.34744,0.9833679833679834,0.016632016632016633,0.65256
wzg,wzg_seq22.pdb,wzg_seq8.pdb,0.38478,0.9792099792099792,0.02079002079002079,0.61522
wzg,wzg_seq22.pdb,wzg_seq37.pdb,0.39543,0.972972972972973,0.027027027027026973,0.60457
wzg,wzg_seq22.pdb,wzg_seq4.pdb,0.39069,0.9812889812889813,0.018711018711018657,0.60931
wzg,wzg_seq22.pdb,wzg_seq55.pdb,0.3438,0.972972972972973,0.027027027027026973,0.6562
wzg,wzg_seq22.pdb,wzg_seq28.pdb,0.34306,0.9666666666666667,0.033333333333333326,0.6569400000000001
wzg,wzg_seq22.pdb,wzg_seq35.pdb,0.37638,0.9937629937629938,0.006237006237006182,0.6236200000000001
wzg,wzg_seq22.pdb,wzg_seq3.pdb,0.36858,0.9667359667359667,0.033264033264033266,0.63142
wzg,wzg_seq22.pdb,wzg_seq29.pdb,0.34981,0.975,0.025000000000000022,0.65019
wzg,wzg_seq22.pdb,wzg_seq31.pdb,0.33274,0.9584199584199584,0.04158004158004158,0.66726
wzg,wzg_seq22.pdb,wzg_seq61.pdb,0.34567,0.9896049896049897,0.01039501039501034,0.6543300000000001
wzg,wzg_seq22.pdb,wzg_seq20.pdb,0.32654,0.9875259875259875,0.012474012474012475,0.67346
wzg,wzg_seq22.pdb,wzg_seq41.pdb,0.35182,0.975,0.025000000000000022,0.64818
wzg,wzg_seq22.pdb,wzg_seq23.pdb,0.3191,0.9708939708939709,0.029106029106029108,0.6809000000000001
wzg,wzg_seq22.pdb,wzg_seq11.pdb,0.35776,0.9792099792099792,0.02079002079002079,0.6422399999999999
wzg,wzg_seq22.pdb,wzg_seq56.pdb,0.37025,0.9604166666666667,0.039583333333333304,0.62975
wzg,wzg_seq43.pdb,wzg_seq9.pdb,0.3709,0.9792099792099792,0.02079002079002079,0.6291
wzg,wzg_seq43.pdb,wzg_seq42.pdb,0.35291,0.9812889812889813,0.018711018711018657,0.6470899999999999
wzg,wzg_seq43.pdb,wzg_seq25.pdb,0.35574,0.9792099792099792,0.02079002079002079,0.64426
wzg,wzg_seq43.pdb,wzg_seq13.pdb,0.3627,0.95625,0.043749999999999956,0.6373
wzg,wzg_seq43.pdb,wzg_seq58.pdb,0.37556,0.9854469854469855,0.014553014553014498,0.62444
wzg,wzg_seq43.pdb,wzg_seq10.pdb,0.36938,0.9771309771309772,0.022869022869022815,0.63062
wzg,wzg_seq43.pdb,wzg_seq37.pdb,0.35631,0.9667359667359667,0.033264033264033266,0.64369
wzg,wzg_seq43.pdb,wzg_seq46.pdb,0.33419,1.0,0.0,0.66581
wzg,wzg_seq43.pdb,wzg_seq35.pdb,0.37629,0.9812889812889813,0.018711018711018657,0.62371
wzg,wzg_seq43.pdb,wzg_seq63.pdb,0.34745,0.9771309771309772,0.022869022869022815,0.65255
wzg,wzg_seq43.pdb,wzg_seq3.pdb,0.38625,0.9604989604989606,0.03950103950103945,0.61375
wzg,wzg_seq43.pdb,wzg_seq23.pdb,0.39416,0.9604989604989606,0.03950103950103945,0.6058399999999999
wzg,wzg_seq43.pdb,wzg_seq56.pdb,0.37895,0.9583333333333334,0.04166666666666663,0.62105
wzg,wzg_seq9.pdb,wzg_seq42.pdb,0.38968,0.9812889812889813,0.018711018711018657,0.61032
wzg,wzg_seq9.pdb,wzg_seq16.pdb,0.36278,0.9771309771309772,0.022869022869022815,0.63722
wzg,wzg_seq9.pdb,wzg_seq34.pdb,0.38122,0.9542619542619543,0.04573804573804574,0.61878
wzg,wzg_seq9.pdb,wzg_seq37.pdb,0.33793,0.9646569646569647,0.03534303534303529,0.6620699999999999
wzg,wzg_seq9.pdb,wzg_seq46.pdb,0.38463,0.9792099792099792,0.02079002079002079,0.61537
wzg,wzg_seq9.pdb,wzg_seq55.pdb,0.35382,0.9604989604989606,0.03950103950103945,0.64618
wzg,wzg_seq9.pdb,wzg_seq35.pdb,0.33942,0.9833679833679834,0.016632016632016633,0.66058
wzg,wzg_seq9.pdb,wzg_seq63.pdb,0.35638,0.9812889812889813,0.018711018711018657,0.6436200000000001
wzg,wzg_seq9.pdb,wzg_seq31.pdb,0.32256,0.9501039501039501,0.0498960498960499,0.67744
wzg,wzg_seq9.pdb,wzg_seq23.pdb,0.36044,0.9584199584199584,0.04158004158004158,0.63956
wzg,wzg_seq9.pdb,wzg_seq5.pdb,0.36365,0.9792099792099792,0.02079002079002079,0.63635
wzg,wzg_seq9.pdb,wzg_seq56.pdb,0.37638,0.9625,0.03749999999999998,0.6236200000000001
wzg,wzg_seq52.pdb,wzg_seq16.pdb,0.39465,0.96875,0.03125,0.60535
wzg,wzg_seq52.pdb,wzg_seq34.pdb,0.39016,0.95,0.050000000000000044,0.6098399999999999
wzg,wzg_seq52.pdb,wzg_seq10.pdb,0.35954,0.9667359667359667,0.033264033264033266,0.64046
wzg,wzg_seq52.pdb,wzg_seq46.pdb,0.3793,0.9666666666666667,0.033333333333333326,0.6207
wzg,wzg_seq52.pdb,wzg_seq63.pdb,0.34651,0.975,0.025000000000000022,0.65349
wzg,wzg_seq52.pdb,wzg_seq3.pdb,0.39399,0.9519832985386222,0.04801670146137782,0.6060099999999999
wzg,wzg_seq15.pdb,wzg_seq60.pdb,0.33292,0.95,0.050000000000000044,0.66708
wzg,wzg_seq15.pdb,wzg_seq54.pdb,0.37497,0.96875,0.03125,0.62503
wzg,wzg_seq15.pdb,wzg_seq58.pdb,0.38216,0.9896049896049897,0.01039501039501034,0.61784
wzg,wzg_seq15.pdb,wzg_seq46.pdb,0.37614,0.9937629937629938,0.006237006237006182,0.6238600000000001
wzg,wzg_seq15.pdb,wzg_seq63.pdb,0.36088,0.9812889812889813,0.018711018711018657,0.63912
wzg,wzg_seq15.pdb,wzg_seq3.pdb,0.37991,0.9625779625779626,0.037422037422037424,0.62009
wzg,wzg_seq15.pdb,wzg_seq61.pdb,0.38047,0.9792099792099792,0.02079002079002079,0.61953
wzg,wzg_seq42.pdb,wzg_seq60.pdb,0.35658,0.9583333333333334,0.04166666666666663,0.64342
wzg,wzg_seq42.pdb,wzg_seq39.pdb,0.39909,0.9958419958419958,0.004158004158004158,0.60091
wzg,wzg_seq42.pdb,wzg_seq34.pdb,0.39378,0.9563409563409564,0.043659043659043606,0.60622
wzg,wzg_seq42.pdb,wzg_seq25.pdb,0.29824,0.9937629937629938,0.006237006237006182,0.7017599999999999
wzg,wzg_seq42.pdb,wzg_seq1.pdb,0.3983,0.9645833333333333,0.03541666666666665,0.6017
wzg,wzg_seq42.pdb,wzg_seq10.pdb,0.3394,0.9792099792099792,0.02079002079002079,0.6606000000000001
wzg,wzg_seq42.pdb,wzg_seq4.pdb,0.36115,0.9812889812889813,0.018711018711018657,0.6388499999999999
wzg,wzg_seq42.pdb,wzg_seq46.pdb,0.39636,0.9812889812889813,0.018711018711018657,0.60364
wzg,wzg_seq42.pdb,wzg_seq63.pdb,0.34119,0.9833679833679834,0.016632016632016633,0.65881
wzg,wzg_seq42.pdb,wzg_seq3.pdb,0.37312,0.9667359667359667,0.033264033264033266,0.62688
wzg,wzg_seq42.pdb,wzg_seq29.pdb,0.39762,0.975,0.025000000000000022,0.60238
wzg,wzg_seq21.pdb,wzg_seq50.pdb,0.39449,0.9729166666666667,0.027083333333333348,0.60551
wzg,wzg_seq21.pdb,wzg_seq16.pdb,0.37326,0.975051975051975,0.02494802494802495,0.6267400000000001
wzg,wzg_seq21.pdb,wzg_seq10.pdb,0.35485,0.9771309771309772,0.022869022869022815,0.64515
wzg,wzg_seq21.pdb,wzg_seq37.pdb,0.31727,0.9625779625779626,0.037422037422037424,0.6827300000000001
wzg,wzg_seq21.pdb,wzg_seq46.pdb,0.3727,0.972972972972973,0.027027027027026973,0.6273
wzg,wzg_seq21.pdb,wzg_seq55.pdb,0.36862,0.9584199584199584,0.04158004158004158,0.63138
wzg,wzg_seq21.pdb,wzg_seq35.pdb,0.39587,0.9771309771309772,0.022869022869022815,0.6041300000000001
wzg,wzg_seq21.pdb,wzg_seq63.pdb,0.35966,0.9771309771309772,0.022869022869022815,0.64034
wzg,wzg_seq21.pdb,wzg_seq3.pdb,0.37424,0.9604989604989606,0.03950103950103945,0.62576
wzg,wzg_seq21.pdb,wzg_seq23.pdb,0.36813,0.9563409563409564,0.043659043659043606,0.6318699999999999
wzg,wzg_seq21.pdb,wzg_seq5.pdb,0.39225,0.9688149688149689,0.03118503118503113,0.60775
wzg,wzg_seq21.pdb,wzg_seq56.pdb,0.38312,0.95625,0.043749999999999956,0.61688
wzg,wzg_seq50.pdb,wzg_seq60.pdb,0.36807,0.9688149688149689,0.03118503118503113,0.63193
wzg,wzg_seq50.pdb,wzg_seq25.pdb,0.39066,0.9708333333333333,0.029166666666666674,0.60934
wzg,wzg_seq50.pdb,wzg_seq54.pdb,0.38914,0.9937629937629938,0.006237006237006182,0.61086
wzg,wzg_seq50.pdb,wzg_seq13.pdb,0.38291,0.9812889812889813,0.018711018711018657,0.61709
wzg,wzg_seq50.pdb,wzg_seq58.pdb,0.38786,0.96875,0.03125,0.61214
wzg,wzg_seq50.pdb,wzg_seq63.pdb,0.35502,0.9708333333333333,0.029166666666666674,0.64498
wzg,wzg_seq50.pdb,wzg_seq61.pdb,0.35354,0.9708333333333333,0.029166666666666674,0.64646
wzg,wzg_seq50.pdb,wzg_seq20.pdb,0.38657,0.9729166666666667,0.027083333333333348,0.6134299999999999
wzg,wzg_seq60.pdb,wzg_seq16.pdb,0.3412,0.95,0.050000000000000044,0.6588
wzg,wzg_seq60.pdb,wzg_seq39.pdb,0.37642,0.9541666666666667,0.04583333333333328,0.62358
wzg,wzg_seq60.pdb,wzg_seq25.pdb,0.38303,0.9520833333333333,0.04791666666666672,0.61697
wzg,wzg_seq60.pdb,wzg_seq10.pdb,0.36407,0.9501039501039501,0.0498960498960499,0.63593
wzg,wzg_seq60.pdb,wzg_seq33.pdb,0.38463,0.95,0.050000000000000044,0.61537
wzg,wzg_seq60.pdb,wzg_seq35.pdb,0.37194,0.9583333333333334,0.04166666666666663,0.6280600000000001
wzg,wzg_seq60.pdb,wzg_seq63.pdb,0.33084,0.95,0.050000000000000044,0.66916
wzg,wzg_seq60.pdb,wzg_seq5.pdb,0.35586,0.95,0.050000000000000044,0.6441399999999999
wzg,wzg_seq32.pdb,wzg_seq3.pdb,0.39074,0.9708939708939709,0.029106029106029108,0.60926
wzg,wzg_seq32.pdb,wzg_seq5.pdb,0.38961,0.9521829521829522,0.047817047817047764,0.61039
wzg,wzg_seq16.pdb,wzg_seq34.pdb,0.36994,0.9646569646569647,0.03534303534303529,0.6300600000000001
wzg,wzg_seq16.pdb,wzg_seq25.pdb,0.32032,0.9792099792099792,0.02079002079002079,0.6796800000000001
wzg,wzg_seq16.pdb,wzg_seq49.pdb,0.34244,0.9771309771309772,0.022869022869022815,0.6575599999999999
wzg,wzg_seq16.pdb,wzg_seq1.pdb,0.38245,0.9604166666666667,0.039583333333333304,0.61755
wzg,wzg_seq16.pdb,wzg_seq54.pdb,0.35084,0.9666666666666667,0.033333333333333326,0.64916
wzg,wzg_seq16.pdb,wzg_seq13.pdb,0.38171,0.9604166666666667,0.039583333333333304,0.61829
wzg,wzg_seq16.pdb,wzg_seq58.pdb,0.35764,0.975051975051975,0.02494802494802495,0.64236
wzg,wzg_seq16.pdb,wzg_seq10.pdb,0.39651,0.975051975051975,0.02494802494802495,0.6034900000000001
wzg,wzg_seq16.pdb,wzg_seq63.pdb,0.35797,0.975051975051975,0.02494802494802495,0.64203
wzg,wzg_seq16.pdb,wzg_seq3.pdb,0.3644,0.9584199584199584,0.04158004158004158,0.6355999999999999
wzg,wzg_seq16.pdb,wzg_seq20.pdb,0.36337,0.9708939708939709,0.029106029106029108,0.63663
wzg,wzg_seq16.pdb,wzg_seq11.pdb,0.38726,0.975051975051975,0.02494802494802495,0.6127400000000001
wzg,wzg_seq39.pdb,wzg_seq25.pdb,0.3901,0.997920997920998,0.0020790020790020236,0.6099
wzg,wzg_seq39.pdb,wzg_seq58.pdb,0.38389,0.9833679833679834,0.016632016632016633,0.6161099999999999
wzg,wzg_seq39.pdb,wzg_seq10.pdb,0.38181,0.9792099792099792,0.02079002079002079,0.61819
wzg,wzg_seq39.pdb,wzg_seq46.pdb,0.36214,0.9812889812889813,0.018711018711018657,0.63786
wzg,wzg_seq39.pdb,wzg_seq35.pdb,0.39776,0.9896049896049897,0.01039501039501034,0.60224
wzg,wzg_seq39.pdb,wzg_seq3.pdb,0.35245,0.9646569646569647,0.03534303534303529,0.6475500000000001
wzg,wzg_seq39.pdb,wzg_seq23.pdb,0.38961,0.9688149688149689,0.03118503118503113,0.61039
wzg,wzg_seq39.pdb,wzg_seq5.pdb,0.3812,0.9771309771309772,0.022869022869022815,0.6188
wzg,wzg_seq34.pdb,wzg_seq25.pdb,0.32009,0.9501039501039501,0.0498960498960499,0.67991
wzg,wzg_seq34.pdb,wzg_seq58.pdb,0.35788,0.9563409563409564,0.043659043659043606,0.64212
wzg,wzg_seq34.pdb,wzg_seq61.pdb,0.36984,0.9501039501039501,0.0498960498960499,0.63016
wzg,wzg_seq25.pdb,wzg_seq49.pdb,0.39822,0.9833679833679834,0.016632016632016633,0.60178
wzg,wzg_seq25.pdb,wzg_seq1.pdb,0.38815,0.9625,0.03749999999999998,0.61185
wzg,wzg_seq25.pdb,wzg_seq13.pdb,0.38905,0.9645833333333333,0.03541666666666665,0.61095
wzg,wzg_seq25.pdb,wzg_seq10.pdb,0.32547,0.9792099792099792,0.02079002079002079,0.6745300000000001
wzg,wzg_seq25.pdb,wzg_seq37.pdb,0.37295,0.9688149688149689,0.03118503118503113,0.62705
wzg,wzg_seq25.pdb,wzg_seq4.pdb,0.33262,0.9792099792099792,0.02079002079002079,0.66738
wzg,wzg_seq25.pdb,wzg_seq46.pdb,0.3939,0.9792099792099792,0.02079002079002079,0.6061000000000001
wzg,wzg_seq25.pdb,wzg_seq55.pdb,0.39208,0.9688149688149689,0.03118503118503113,0.60792
wzg,wzg_seq25.pdb,wzg_seq35.pdb,0.33835,0.9875259875259875,0.012474012474012475,0.6616500000000001
wzg,wzg_seq25.pdb,wzg_seq63.pdb,0.32801,0.9812889812889813,0.018711018711018657,0.67199
wzg,wzg_seq25.pdb,wzg_seq3.pdb,0.31077,0.9646569646569647,0.03534303534303529,0.68923
wzg,wzg_seq25.pdb,wzg_seq31.pdb,0.3987,0.9542619542619543,0.04573804573804574,0.6013
wzg,wzg_seq25.pdb,wzg_seq56.pdb,0.34339,0.9583333333333334,0.04166666666666663,0.65661
wzg,wzg_seq49.pdb,wzg_seq37.pdb,0.35967,0.9688149688149689,0.03118503118503113,0.6403300000000001
wzg,wzg_seq49.pdb,wzg_seq46.pdb,0.39593,0.9792099792099792,0.02079002079002079,0.60407
wzg,wzg_seq49.pdb,wzg_seq63.pdb,0.3284,0.9812889812889813,0.018711018711018657,0.6716
wzg,wzg_seq49.pdb,wzg_seq3.pdb,0.39955,0.9625779625779626,0.037422037422037424,0.6004499999999999
wzg,wzg_seq1.pdb,wzg_seq10.pdb,0.39765,0.9625779625779626,0.037422037422037424,0.6023499999999999
wzg,wzg_seq1.pdb,wzg_seq37.pdb,0.38322,0.9520833333333333,0.04791666666666672,0.61678
wzg,wzg_seq1.pdb,wzg_seq46.pdb,0.33693,0.9625,0.03749999999999998,0.66307
wzg,wzg_seq1.pdb,wzg_seq35.pdb,0.37189,0.9625,0.03749999999999998,0.62811
wzg,wzg_seq1.pdb,wzg_seq63.pdb,0.37675,0.9645833333333333,0.03541666666666665,0.6232500000000001
wzg,wzg_seq1.pdb,wzg_seq3.pdb,0.39235,0.9519832985386222,0.04801670146137782,0.60765
wzg,wzg_seq1.pdb,wzg_seq61.pdb,0.38135,0.9583333333333334,0.04166666666666663,0.6186499999999999
wzg,wzg_seq54.pdb,wzg_seq10.pdb,0.33459,0.9646569646569647,0.03534303534303529,0.6654100000000001
wzg,wzg_seq54.pdb,wzg_seq37.pdb,0.37963,0.95,0.050000000000000044,0.62037
wzg,wzg_seq54.pdb,wzg_seq4.pdb,0.38696,0.9666666666666667,0.033333333333333326,0.61304
wzg,wzg_seq54.pdb,wzg_seq46.pdb,0.35758,0.9645833333333333,0.03541666666666665,0.64242
wzg,wzg_seq54.pdb,wzg_seq35.pdb,0.37837,0.9645833333333333,0.03541666666666665,0.62163
wzg,wzg_seq54.pdb,wzg_seq63.pdb,0.37114,0.9729166666666667,0.027083333333333348,0.62886
wzg,wzg_seq54.pdb,wzg_seq29.pdb,0.39318,0.9958419958419958,0.004158004158004158,0.60682
wzg,wzg_seq54.pdb,wzg_seq5.pdb,0.3776,0.95625,0.043749999999999956,0.6224000000000001
wzg,wzg_seq13.pdb,wzg_seq10.pdb,0.37182,0.9584199584199584,0.04158004158004158,0.62818
wzg,wzg_seq13.pdb,wzg_seq4.pdb,0.38435,0.9625,0.03749999999999998,0.61565
wzg,wzg_seq13.pdb,wzg_seq46.pdb,0.3106,0.95625,0.043749999999999956,0.6894
wzg,wzg_seq13.pdb,wzg_seq63.pdb,0.36813,0.9625,0.03749999999999998,0.6318699999999999
wzg,wzg_seq13.pdb,wzg_seq5.pdb,0.36861,0.95,0.050000000000000044,0.63139
wzg,wzg_seq58.pdb,wzg_seq10.pdb,0.36648,0.9916839916839917,0.008316008316008316,0.6335200000000001
wzg,wzg_seq58.pdb,wzg_seq37.pdb,0.32951,0.9667359667359667,0.033264033264033266,0.67049
wzg,wzg_seq58.pdb,wzg_seq4.pdb,0.36276,0.9812889812889813,0.018711018711018657,0.63724
wzg,wzg_seq58.pdb,wzg_seq46.pdb,0.30964,0.9854469854469855,0.014553014553014498,0.69036
wzg,wzg_seq58.pdb,wzg_seq55.pdb,0.3561,0.9625779625779626,0.037422037422037424,0.6438999999999999
wzg,wzg_seq58.pdb,wzg_seq35.pdb,0.35482,0.9854469854469855,0.014553014553014498,0.64518
wzg,wzg_seq58.pdb,wzg_seq63.pdb,0.37037,0.9833679833679834,0.016632016632016633,0.62963
wzg,wzg_seq58.pdb,wzg_seq3.pdb,0.35677,0.9604989604989606,0.03950103950103945,0.64323
wzg,wzg_seq58.pdb,wzg_seq31.pdb,0.37954,0.9521829521829522,0.047817047817047764,0.62046
wzg,wzg_seq58.pdb,wzg_seq23.pdb,0.39293,0.9604989604989606,0.03950103950103945,0.60707
wzg,wzg_seq58.pdb,wzg_seq5.pdb,0.39452,0.9771309771309772,0.022869022869022815,0.60548
wzg,wzg_seq58.pdb,wzg_seq56.pdb,0.39438,0.9645833333333333,0.03541666666666665,0.60562
wzg,wzg_seq10.pdb,wzg_seq33.pdb,0.38034,0.975051975051975,0.02494802494802495,0.61966
wzg,wzg_seq10.pdb,wzg_seq46.pdb,0.3989,0.9771309771309772,0.022869022869022815,0.6011
wzg,wzg_seq10.pdb,wzg_seq35.pdb,0.39825,0.9812889812889813,0.018711018711018657,0.60175
wzg,wzg_seq10.pdb,wzg_seq63.pdb,0.36908,0.9792099792099792,0.02079002079002079,0.6309199999999999
wzg,wzg_seq10.pdb,wzg_seq61.pdb,0.34451,0.9771309771309772,0.022869022869022815,0.65549
wzg,wzg_seq10.pdb,wzg_seq20.pdb,0.38071,0.975051975051975,0.02494802494802495,0.61929
wzg,wzg_seq10.pdb,wzg_seq41.pdb,0.38671,0.9688149688149689,0.03118503118503113,0.61329
wzg,wzg_seq10.pdb,wzg_seq23.pdb,0.31841,0.9563409563409564,0.043659043659043606,0.6815899999999999
wzg,wzg_seq10.pdb,wzg_seq11.pdb,0.38523,0.9833679833679834,0.016632016632016633,0.61477
wzg,wzg_seq10.pdb,wzg_seq56.pdb,0.36573,0.9584199584199584,0.04158004158004158,0.63427
wzg,wzg_seq33.pdb,wzg_seq37.pdb,0.38257,0.9604989604989606,0.03950103950103945,0.6174299999999999
wzg,wzg_seq33.pdb,wzg_seq4.pdb,0.39979,0.972972972972973,0.027027027027026973,0.60021
wzg,wzg_seq33.pdb,wzg_seq46.pdb,0.38635,0.9688149688149689,0.03118503118503113,0.61365
wzg,wzg_seq33.pdb,wzg_seq63.pdb,0.36091,0.975051975051975,0.02494802494802495,0.6390899999999999
wzg,wzg_seq33.pdb,wzg_seq3.pdb,0.33662,0.9584199584199584,0.04158004158004158,0.6633800000000001
wzg,wzg_seq30.pdb,wzg_seq35.pdb,0.38676,0.9501039501039501,0.0498960498960499,0.61324
wzg,wzg_seq30.pdb,wzg_seq3.pdb,0.38459,0.9667359667359667,0.033264033264033266,0.61541
wzg,wzg_seq8.pdb,wzg_seq37.pdb,0.36092,0.9625779625779626,0.037422037422037424,0.63908
wzg,wzg_seq8.pdb,wzg_seq46.pdb,0.37134,0.9771309771309772,0.022869022869022815,0.62866
wzg,wzg_seq8.pdb,wzg_seq55.pdb,0.36497,0.9584199584199584,0.04158004158004158,0.63503
wzg,wzg_seq8.pdb,wzg_seq35.pdb,0.31203,0.9771309771309772,0.022869022869022815,0.68797
wzg,wzg_seq8.pdb,wzg_seq63.pdb,0.35059,0.9812889812889813,0.018711018711018657,0.64941
wzg,wzg_seq8.pdb,wzg_seq23.pdb,0.36692,0.9563409563409564,0.043659043659043606,0.63308
wzg,wzg_seq8.pdb,wzg_seq56.pdb,0.37188,0.9604166666666667,0.039583333333333304,0.62812
wzg,wzg_seq44.pdb,wzg_seq57.pdb,0.35035,0.9979296066252588,0.0020703933747412417,0.6496500000000001
wzg,wzg_seq37.pdb,wzg_seq3.pdb,0.39648,0.9896049896049897,0.01039501039501034,0.6035200000000001
wzg,wzg_seq37.pdb,wzg_seq61.pdb,0.3734,0.9667359667359667,0.033264033264033266,0.6266
wzg,wzg_seq37.pdb,wzg_seq20.pdb,0.35313,0.9625779625779626,0.037422037422037424,0.6468700000000001
wzg,wzg_seq37.pdb,wzg_seq41.pdb,0.37181,0.9541666666666667,0.04583333333333328,0.62819
wzg,wzg_seq37.pdb,wzg_seq23.pdb,0.35413,0.9896049896049897,0.01039501039501034,0.6458699999999999
wzg,wzg_seq4.pdb,wzg_seq35.pdb,0.38971,0.9792099792099792,0.02079002079002079,0.61029
wzg,wzg_seq4.pdb,wzg_seq61.pdb,0.37103,0.975051975051975,0.02494802494802495,0.62897
wzg,wzg_seq46.pdb,wzg_seq28.pdb,0.37585,0.95625,0.043749999999999956,0.62415
wzg,wzg_seq46.pdb,wzg_seq63.pdb,0.38608,0.9771309771309772,0.022869022869022815,0.61392
wzg,wzg_seq46.pdb,wzg_seq3.pdb,0.32141,0.9604989604989606,0.03950103950103945,0.67859
wzg,wzg_seq46.pdb,wzg_seq29.pdb,0.37376,0.96875,0.03125,0.62624
wzg,wzg_seq46.pdb,wzg_seq61.pdb,0.34378,0.975051975051975,0.02494802494802495,0.65622
wzg,wzg_seq46.pdb,wzg_seq20.pdb,0.32786,0.9771309771309772,0.022869022869022815,0.67214
wzg,wzg_seq46.pdb,wzg_seq41.pdb,0.34625,0.96875,0.03125,0.65375
wzg,wzg_seq46.pdb,wzg_seq23.pdb,0.35466,0.9604989604989606,0.03950103950103945,0.64534
wzg,wzg_seq46.pdb,wzg_seq11.pdb,0.36537,0.9771309771309772,0.022869022869022815,0.63463
wzg,wzg_seq55.pdb,wzg_seq3.pdb,0.34432,0.9854469854469855,0.014553014553014498,0.65568
wzg,wzg_seq55.pdb,wzg_seq61.pdb,0.3442,0.9625779625779626,0.037422037422037424,0.6557999999999999
wzg,wzg_seq55.pdb,wzg_seq11.pdb,0.39901,0.9584199584199584,0.04158004158004158,0.60099
wzg,wzg_seq55.pdb,wzg_seq5.pdb,0.39645,0.9625779625779626,0.037422037422037424,0.60355
wzg,wzg_seq28.pdb,wzg_seq35.pdb,0.38345,0.9604166666666667,0.039583333333333304,0.6165499999999999
wzg,wzg_seq28.pdb,wzg_seq63.pdb,0.36223,0.9625,0.03749999999999998,0.63777
wzg,wzg_seq35.pdb,wzg_seq63.pdb,0.37199,0.9771309771309772,0.022869022869022815,0.62801
wzg,wzg_seq35.pdb,wzg_seq3.pdb,0.35374,0.9688149688149689,0.03118503118503113,0.6462600000000001
wzg,wzg_seq35.pdb,wzg_seq29.pdb,0.36577,0.96875,0.03125,0.6342300000000001
wzg,wzg_seq35.pdb,wzg_seq61.pdb,0.34913,0.9833679833679834,0.016632016632016633,0.6508700000000001
wzg,wzg_seq35.pdb,wzg_seq20.pdb,0.36346,0.9812889812889813,0.018711018711018657,0.63654
wzg,wzg_seq35.pdb,wzg_seq41.pdb,0.39985,0.96875,0.03125,0.60015
wzg,wzg_seq35.pdb,wzg_seq23.pdb,0.36953,0.972972972972973,0.027027027027026973,0.63047
wzg,wzg_seq63.pdb,wzg_seq3.pdb,0.35135,0.9563409563409564,0.043659043659043606,0.64865
wzg,wzg_seq63.pdb,wzg_seq29.pdb,0.3587,0.9729166666666667,0.027083333333333348,0.6413
wzg,wzg_seq63.pdb,wzg_seq61.pdb,0.36901,0.9792099792099792,0.02079002079002079,0.6309899999999999
wzg,wzg_seq63.pdb,wzg_seq20.pdb,0.356,0.9812889812889813,0.018711018711018657,0.644
wzg,wzg_seq63.pdb,wzg_seq41.pdb,0.34579,0.9708333333333333,0.029166666666666674,0.65421
wzg,wzg_seq63.pdb,wzg_seq23.pdb,0.33784,0.9563409563409564,0.043659043659043606,0.6621600000000001
wzg,wzg_seq63.pdb,wzg_seq11.pdb,0.34103,0.9812889812889813,0.018711018711018657,0.6589700000000001
wzg,wzg_seq63.pdb,wzg_seq5.pdb,0.39483,0.9688149688149689,0.03118503118503113,0.60517
wzg,wzg_seq63.pdb,wzg_seq56.pdb,0.35988,0.9645833333333333,0.03541666666666665,0.64012
wzg,wzg_seq3.pdb,wzg_seq31.pdb,0.34429,0.9708939708939709,0.029106029106029108,0.65571
wzg,wzg_seq3.pdb,wzg_seq61.pdb,0.37528,0.9646569646569647,0.03534303534303529,0.6247199999999999
wzg,wzg_seq3.pdb,wzg_seq20.pdb,0.38687,0.9563409563409564,0.043659043659043606,0.61313
wzg,wzg_seq3.pdb,wzg_seq41.pdb,0.38384,0.9520833333333333,0.04791666666666672,0.61616
wzg,wzg_seq3.pdb,wzg_seq23.pdb,0.34121,0.9833679833679834,0.016632016632016633,0.65879
wzg,wzg_seq3.pdb,wzg_seq11.pdb,0.38782,0.9604989604989606,0.03950103950103945,0.61218
wzg,wzg_seq29.pdb,wzg_seq61.pdb,0.39793,0.9729166666666667,0.027083333333333348,0.60207
wzg,wzg_seq29.pdb,wzg_seq56.pdb,0.37487,0.9792099792099792,0.02079002079002079,0.62513
wzg,wzg_seq61.pdb,wzg_seq23.pdb,0.37031,0.9604989604989606,0.03950103950103945,0.6296900000000001
wzg,wzg_seq61.pdb,wzg_seq5.pdb,0.38163,0.975051975051975,0.02494802494802495,0.61837
wzg,wzg_seq61.pdb,wzg_seq56.pdb,0.37897,0.9541666666666667,0.04583333333333328,0.62103
wzg,wzg_seq20.pdb,wzg_seq56.pdb,0.38397,0.95625,0.043749999999999956,0.6160300000000001
wzg,wzg_seq23.pdb,wzg_seq5.pdb,0.3533,0.9604989604989606,0.03950103950103945,0.6467
