msa_position,n_sequences,epitope_count,mean_discotope_score,mean_rsa,epitope_conservation,epitope_conservation_percent
1,3,0,-0.5444633333333333,0.5236333333333333,0.0,0.0
2,2,1,0.26321500000000003,0.268385,0.5,50.0
3,2,0,0.34188,0.607535,0.0,0.0
4,2,1,1.1746400000000001,0.307735,0.5,50.0
5,2,0,0.01126499999999997,0.355625,0.0,0.0
6,2,0,0.11821000000000001,0.395705,0.0,0.0
7,3,1,0.4365233333333333,0.5515333333333333,0.3333333333333333,33.33333333333333
8,3,0,-0.15147999999999998,0.16516,0.0,0.0
9,3,0,-0.46009000000000005,0.25853333333333334,0.0,0.0
10,3,0,0.22178333333333333,0.49901333333333336,0.0,0.0
11,3,1,0.2576866666666667,0.4633966666666667,0.3333333333333333,33.33333333333333
12,3,0,-0.14132000000000003,0.18237,0.0,0.0
13,3,0,-0.5962133333333334,0.14812666666666666,0.0,0.0
14,3,1,0.7120700000000001,0.46663666666666664,0.3333333333333333,33.33333333333333
15,3,1,0.02749333333333333,0.4243333333333334,0.3333333333333333,33.33333333333333
16,3,0,-0.52333,0.11350666666666669,0.0,0.0
17,3,0,-0.09966666666666667,0.4200566666666667,0.0,0.0
18,3,1,1.0198066666666665,0.7631333333333333,0.3333333333333333,33.33333333333333
19,3,0,0.23731,0.72974,0.0,0.0
20,3,1,0.5720833333333334,0.7081333333333334,0.3333333333333333,33.33333333333333
21,3,1,0.5044366666666666,0.3566666666666667,0.3333333333333333,33.33333333333333
22,90,0,-0.21370999999999998,0.8452759999999999,0.0,0.0
23,90,0,-0.33359044444444447,0.239278,0.0,0.0
24,90,0,-0.26759055555555555,0.41246988888888886,0.0,0.0
25,90,0,-0.7706113333333333,0.06276966666666667,0.0,0.0
26,90,0,-0.474962,0.17696633333333334,0.0,0.0
27,90,0,-0.9873644444444444,0.028128333333333335,0.0,0.0
28,90,0,-0.919287111111111,0.01654988888888889,0.0,0.0
29,90,0,-1.0219922222222222,0.00824788888888889,0.0,0.0
30,90,0,-0.7140147777777778,0.03681988888888889,0.0,0.0
31,90,0,-0.9376345555555556,0.020785555555555557,0.0,0.0
32,90,3,-0.42917422222222223,0.06577211111111111,0.03333333333333333,3.3333333333333335
33,90,3,-0.4250773333333333,0.1077391111111111,0.03333333333333333,3.3333333333333335
34,90,39,0.7056328888888889,0.2890091111111111,0.43333333333333335,43.333333333333336
35,90,78,1.6364675555555557,0.41253677777777775,0.8666666666666667,86.66666666666667
36,90,4,-0.06419855555555555,0.16374944444444445,0.044444444444444446,4.444444444444445
37,90,15,0.2798684444444444,0.31679355555555555,0.16666666666666666,16.666666666666664
38,90,51,1.0430207777777778,0.5687837777777778,0.5666666666666667,56.666666666666664
39,90,16,0.6020785555555556,0.4055127777777778,0.17777777777777778,17.77777777777778
40,90,18,0.6550212222222223,0.42033644444444446,0.2,20.0
41,90,26,0.783679,0.6880262222222222,0.28888888888888886,28.888888888888886
42,90,24,0.5875808888888889,0.3821603333333333,0.26666666666666666,26.666666666666668
43,90,0,-1.0232765555555554,0.020157444444444447,0.0,0.0
44,90,8,0.48256744444444444,0.3599354444444445,0.08888888888888889,8.88888888888889
45,90,2,0.328667,0.5541271111111111,0.022222222222222223,2.2222222222222223
46,90,0,-0.42966400000000005,0.11124366666666666,0.0,0.0
47,90,0,-1.0624997777777776,0.005208444444444444,0.0,0.0
48,90,4,0.06237344444444445,0.394823,0.044444444444444446,4.444444444444445
49,90,1,0.17111844444444443,0.2563336666666667,0.011111111111111112,1.1111111111111112
50,90,0,-1.0627023333333332,0.005907222222222222,0.0,0.0
51,90,0,0.2749508888888889,0.24881977777777778,0.0,0.0
52,90,84,1.5520988888888887,0.5819481111111111,0.9333333333333333,93.33333333333333
53,90,0,-0.30212244444444447,0.10085833333333333,0.0,0.0
54,90,0,-0.6798521111111111,0.11502233333333334,0.0,0.0
55,90,0,-1.0348967777777778,0.005218444444444445,0.0,0.0
56,90,21,0.49745355555555554,0.22038444444444444,0.23333333333333334,23.333333333333332
57,90,0,-0.8942647777777778,0.028634666666666666,0.0,0.0
58,90,0,-1.0895462222222223,0.002432888888888889,0.0,0.0
59,90,0,-0.991634,0.007097888888888889,0.0,0.0
60,90,0,-1.0566257777777779,0.008075,0.0,0.0
61,90,0,-0.734179,0.017923666666666668,0.0,0.0
62,90,0,-0.9695403333333333,0.012237444444444443,0.0,0.0
63,90,22,0.3202342222222222,0.1363348888888889,0.24444444444444444,24.444444444444443
64,90,43,0.6632964444444445,0.20104855555555556,0.4777777777777778,47.77777777777778
65,90,88,2.227469222222222,0.4834342222222222,0.9777777777777777,97.77777777777777
66,90,82,1.7206713333333334,0.6215058888888889,0.9111111111111111,91.11111111111111
67,90,38,0.6486343333333333,0.380258,0.4222222222222222,42.22222222222222
68,90,36,0.6118826666666667,0.27198355555555553,0.4,40.0
69,90,41,0.831505888888889,0.30308622222222226,0.45555555555555555,45.55555555555556
70,90,83,1.5037960000000001,0.5895492222222222,0.9222222222222223,92.22222222222223
71,90,6,0.07395233333333333,0.10889955555555555,0.06666666666666667,6.666666666666667
72,90,0,0.17153055555555555,0.5390965555555556,0.0,0.0
73,90,3,0.015026777777777781,0.2550527777777778,0.03333333333333333,3.3333333333333335
74,90,65,1.0923521111111112,0.606915,0.7222222222222222,72.22222222222221
75,90,55,0.9517107777777778,0.45225144444444443,0.6111111111111112,61.111111111111114
76,90,0,-0.8693037777777778,0.01689911111111111,0.0,0.0
77,90,0,-0.23980100000000001,0.23265277777777776,0.0,0.0
78,90,40,0.8205067777777777,0.5020245555555556,0.4444444444444444,44.44444444444444
79,90,0,-0.609329,0.08920444444444443,0.0,0.0
80,90,0,-0.8106707777777777,0.039718222222222224,0.0,0.0
81,90,9,0.38805300000000004,0.4791223333333333,0.1,10.0
82,90,11,0.5356575555555555,0.3567872222222222,0.12222222222222222,12.222222222222221
83,90,0,-1.043390111111111,0.011627333333333333,0.0,0.0
84,90,2,0.18120822222222221,0.3016428888888889,0.022222222222222223,2.2222222222222223
85,90,60,1.0144408888888887,0.4612405555555556,0.6666666666666666,66.66666666666666
86,90,0,-0.674644888888889,0.02013211111111111,0.0,0.0
87,90,0,-0.9974517777777778,0.01213288888888889,0.0,0.0
88,90,10,0.5585661111111111,0.6292798888888889,0.1111111111111111,11.11111111111111
89,90,69,1.1160724444444443,0.4437197777777778,0.7666666666666667,76.66666666666667
90,90,1,0.1897923333333333,0.22810966666666666,0.011111111111111112,1.1111111111111112
91,90,0,0.149416,0.14173266666666667,0.0,0.0
92,90,63,1.0256882222222223,0.853435,0.7,70.0
93,90,27,0.7440088888888889,0.43240455555555557,0.3,30.0
94,90,0,-0.3974381111111111,0.07383422222222222,0.0,0.0
95,90,0,-0.3493954444444444,0.24267,0.0,0.0
96,90,0,-0.5684435555555556,0.0930568888888889,0.0,0.0
97,90,0,-0.9759636666666667,0.016982,0.0,0.0
98,90,0,-0.6832041111111111,0.06999977777777777,0.0,0.0
99,90,0,-0.9747566666666666,0.007485777777777778,0.0,0.0
100,90,0,-0.9977663333333333,0.013465666666666667,0.0,0.0
101,90,2,-0.37783588888888886,0.05229555555555555,0.022222222222222223,2.2222222222222223
102,90,3,-0.7479346666666667,0.024340666666666663,0.03333333333333333,3.3333333333333335
103,90,47,0.9261342222222222,0.25381977777777776,0.5222222222222223,52.22222222222223
104,90,20,0.054069111111111116,0.14154166666666665,0.2222222222222222,22.22222222222222
105,90,35,0.5195095555555556,0.2569151111111111,0.3888888888888889,38.88888888888889
106,90,45,0.7994783333333334,0.5348705555555556,0.5,50.0
107,90,58,1.098880888888889,0.4569543333333333,0.6444444444444445,64.44444444444444
108,90,1,-0.637888,0.04746688888888889,0.011111111111111112,1.1111111111111112
109,90,3,0.013463888888888888,0.08812211111111111,0.03333333333333333,3.3333333333333335
110,90,57,1.0024228888888889,0.4197437777777778,0.6333333333333333,63.33333333333333
111,90,39,0.8739956666666667,0.3503424444444444,0.43333333333333335,43.333333333333336
112,90,2,-0.6183190000000001,0.03999911111111111,0.022222222222222223,2.2222222222222223
113,90,19,0.5028871111111111,0.4640425555555555,0.2111111111111111,21.11111111111111
114,90,21,0.5706885555555555,0.6880352222222222,0.23333333333333334,23.333333333333332
115,90,21,0.5810545555555555,0.609845,0.23333333333333334,23.333333333333332
116,90,50,0.8934572222222221,0.4978911111111111,0.5555555555555556,55.55555555555556
117,90,1,-0.45645811111111106,0.03872211111111111,0.011111111111111112,1.1111111111111112
118,90,27,0.5325506666666667,0.40110266666666666,0.3,30.0
119,90,3,-0.2771402222222222,0.1890648888888889,0.03333333333333333,3.3333333333333335
120,90,5,-0.6678672222222222,0.060018444444444444,0.05555555555555555,5.555555555555555
121,90,3,0.20352988888888887,0.40494322222222223,0.03333333333333333,3.3333333333333335
122,90,12,0.46020133333333335,0.5677905555555556,0.13333333333333333,13.333333333333334
123,90,0,-0.6259274444444445,0.08257833333333334,0.0,0.0
124,90,1,0.04507322222222222,0.5267646666666667,0.011111111111111112,1.1111111111111112
125,90,0,-0.805572,0.05114044444444445,0.0,0.0
126,90,0,-1.0855203333333334,0.006582333333333333,0.0,0.0
127,90,0,-0.8795392222222223,0.022613777777777778,0.0,0.0
128,90,0,-1.0572194444444445,0.004417777777777778,0.0,0.0
129,90,3,-0.2086631111111111,0.06741844444444445,0.03333333333333333,3.3333333333333335
130,90,0,-0.8814991111111111,0.017357333333333332,0.0,0.0
131,90,33,0.6583461111111112,0.24195799999999998,0.36666666666666664,36.666666666666664
132,90,74,1.374934,0.3697235555555556,0.8222222222222222,82.22222222222221
133,90,85,1.7110927777777776,0.7435335555555556,0.9444444444444444,94.44444444444444
134,90,3,-0.3914492222222222,0.08428977777777778,0.03333333333333333,3.3333333333333335
135,90,2,0.3881221111111111,0.42958155555555555,0.022222222222222223,2.2222222222222223
136,90,9,0.3900412222222222,0.1830358888888889,0.1,10.0
137,90,87,1.969915111111111,0.7532694444444445,0.9666666666666667,96.66666666666667
138,90,5,0.3738296666666666,0.3059605555555555,0.05555555555555555,5.555555555555555
139,90,0,-1.0137841111111112,0.005942,0.0,0.0
140,90,7,0.42457866666666666,0.3402843333333333,0.07777777777777778,7.777777777777778
141,90,40,0.8304055555555556,0.3952243333333333,0.4444444444444444,44.44444444444444
142,90,0,-0.9642511111111112,0.016750333333333332,0.0,0.0
143,90,0,-1.0830763333333333,0.0007483333333333333,0.0,0.0
144,90,3,0.4566902222222222,0.2942217777777778,0.03333333333333333,3.3333333333333335
145,90,7,0.3428427777777778,0.33101200000000003,0.07777777777777778,7.777777777777778
146,90,0,-1.0184084444444446,0.005837555555555555,0.0,0.0
147,90,7,0.5857974444444445,0.30817433333333333,0.07777777777777778,7.777777777777778
148,90,79,1.2884921111111112,0.8295368888888889,0.8777777777777778,87.77777777777777
149,90,40,0.8404852222222222,0.34938422222222226,0.4444444444444444,44.44444444444444
150,90,0,0.16055111111111112,0.6610307777777777,0.0,0.0
151,90,1,-0.5144175555555555,0.04938211111111111,0.011111111111111112,1.1111111111111112
152,90,0,-0.2522941111111111,0.20500844444444444,0.0,0.0
153,90,0,-1.0994356666666667,0.00041966666666666666,0.0,0.0
154,90,0,-1.0240396666666667,0.010280444444444444,0.0,0.0
155,90,0,-1.0706275555555556,0.0028447777777777777,0.0,0.0
156,90,0,-0.8531762222222222,0.01931188888888889,0.0,0.0
157,90,0,-0.404467,0.03864833333333333,0.0,0.0
158,90,0,-0.9498603333333334,0.00718988888888889,0.0,0.0
159,90,4,-0.7421666666666666,0.031426444444444444,0.044444444444444446,4.444444444444445
160,90,55,1.0297636666666667,0.17025422222222222,0.6111111111111112,61.111111111111114
161,90,23,0.0007970000000000008,0.13329866666666668,0.25555555555555554,25.555555555555554
162,90,60,1.1450094444444443,0.40852677777777774,0.6666666666666666,66.66666666666666
163,90,10,0.00864211111111111,0.32803288888888893,0.1111111111111111,11.11111111111111
164,90,0,-0.41680966666666663,0.09243477777777777,0.0,0.0
165,90,18,0.6544209999999999,0.47831033333333334,0.2,20.0
166,90,8,0.479469,0.4793892222222222,0.08888888888888889,8.88888888888889
167,90,2,-0.3019001111111111,0.1752758888888889,0.022222222222222223,2.2222222222222223
168,90,0,-0.17711911111111112,0.2240732222222222,0.0,0.0
169,90,40,0.8536684444444446,0.7345140000000001,0.4444444444444444,44.44444444444444
170,90,42,0.7518167777777778,0.3000015555555555,0.4666666666666667,46.666666666666664
171,90,0,-1.0777183333333333,0.005373555555555556,0.0,0.0
172,90,47,0.9077867777777778,0.40631344444444445,0.5222222222222223,52.22222222222223
173,90,51,0.995763111111111,0.34788511111111114,0.5666666666666667,56.666666666666664
174,90,0,-1.0400601111111112,0.006548333333333332,0.0,0.0
175,90,6,0.5648657777777777,0.23095277777777778,0.06666666666666667,6.666666666666667
176,90,83,1.261987,0.7549428888888889,0.9222222222222223,92.22222222222223
177,90,72,1.2440723333333332,0.2666221111111111,0.8,80.0
178,90,0,0.034600000000000006,0.4128802222222222,0.0,0.0
179,90,0,-0.7949302222222221,0.021366222222222224,0.0,0.0
180,90,0,-0.3489136666666667,0.2185567777777778,0.0,0.0
181,90,0,-1.0798194444444444,0.003067,0.0,0.0
182,90,0,-0.9148612222222222,0.011199222222222222,0.0,0.0
183,90,0,-1.0340552222222223,0.008176111111111111,0.0,0.0
184,90,0,-0.741379,0.026307,0.0,0.0
185,90,0,-1.0325586666666666,0.0077800000000000005,0.0,0.0
186,90,3,-0.43705088888888893,0.046052111111111106,0.03333333333333333,3.3333333333333335
187,90,0,-0.5380376666666666,0.04888333333333333,0.0,0.0
188,90,0,-0.8197974444444444,0.028827222222222223,0.0,0.0
189,90,12,-0.021552333333333337,0.13345455555555558,0.13333333333333333,13.333333333333334
190,90,68,1.2513222222222222,0.3369367777777778,0.7555555555555555,75.55555555555556
191,90,41,0.752866,0.3297812222222222,0.45555555555555555,45.55555555555556
192,90,87,2.397234555555556,0.874723,0.9666666666666667,96.66666666666667
193,90,84,2.825895666666667,0.5641353333333333,0.9333333333333333,93.33333333333333
194,90,84,2.010422111111111,0.22268555555555555,0.9333333333333333,93.33333333333333
195,90,80,1.4006726666666667,0.4369972222222222,0.8888888888888888,88.88888888888889
196,90,89,2.035671888888889,0.6213725555555556,0.9888888888888889,98.88888888888889
197,90,88,2.2131267777777777,0.4545358888888889,0.9777777777777777,97.77777777777777
198,90,59,1.1399003333333333,0.18279122222222222,0.6555555555555556,65.55555555555556
199,90,78,1.4183053333333333,0.5929577777777778,0.8666666666666667,86.66666666666667
200,90,84,1.5492678888888889,0.4524728888888889,0.9333333333333333,93.33333333333333
201,90,8,-0.399854,0.040562,0.08888888888888889,8.88888888888889
202,90,9,0.24996811111111109,0.26106544444444446,0.1,10.0
203,90,90,1.9256834444444444,0.656251,1.0,100.0
204,90,1,-0.23978366666666667,0.069174,0.011111111111111112,1.1111111111111112
205,90,0,-1.0051578888888888,0.009297333333333333,0.0,0.0
206,90,17,0.41265688888888885,0.23830722222222223,0.18888888888888888,18.88888888888889
207,90,64,1.1471385555555556,0.222658,0.7111111111111111,71.11111111111111
208,90,0,-1.0754795555555556,0.003185222222222222,0.0,0.0
209,90,0,-0.6977087777777778,0.03847511111111111,0.0,0.0
210,90,28,0.6881149999999999,0.5303671111111111,0.3111111111111111,31.11111111111111
211,90,27,0.5064336666666667,0.34421077777777775,0.3,30.0
212,90,2,0.25140422222222225,0.5489172222222222,0.022222222222222223,2.2222222222222223
213,90,0,-0.9660276666666667,0.018266666666666667,0.0,0.0
214,90,0,-0.8237769999999999,0.03243911111111111,0.0,0.0
215,90,0,-0.6007105555555555,0.171792,0.0,0.0
216,90,0,-1.0410766666666667,0.008477555555555556,0.0,0.0
217,90,0,-1.0398560000000001,0.00980011111111111,0.0,0.0
218,90,0,-1.0228454444444444,0.0059747777777777785,0.0,0.0
219,90,0,-1.0309442222222223,0.007773888888888889,0.0,0.0
220,90,2,-0.2337187777777778,0.09344666666666666,0.022222222222222223,2.2222222222222223
221,90,5,-0.6254421111111111,0.04728444444444445,0.05555555555555555,5.555555555555555
222,90,47,0.8718206666666666,0.25510255555555555,0.5222222222222223,52.22222222222223
223,90,41,0.6739114444444445,0.21793422222222222,0.45555555555555555,45.55555555555556
224,90,23,0.2930107777777778,0.26201966666666665,0.25555555555555554,25.555555555555554
225,90,70,1.4119117777777777,0.47349433333333335,0.7777777777777778,77.77777777777779
226,90,37,0.699228,0.4097588888888889,0.4111111111111111,41.11111111111111
227,90,66,1.3203725555555554,0.3636176666666666,0.7333333333333333,73.33333333333333
228,90,28,0.3646973333333334,0.30783044444444446,0.3111111111111111,31.11111111111111
229,90,18,-0.07264233333333334,0.23607044444444444,0.2,20.0
230,90,6,0.010682555555555553,0.14271444444444445,0.06666666666666667,6.666666666666667
231,90,2,-0.8558238888888889,0.022568333333333333,0.022222222222222223,2.2222222222222223
232,90,19,0.28953944444444446,0.27899599999999997,0.2111111111111111,21.11111111111111
233,90,48,1.0439446666666667,0.3243937777777778,0.5333333333333333,53.333333333333336
234,90,0,-0.9792137777777777,0.012225333333333333,0.0,0.0
235,90,3,-0.160264,0.09367666666666666,0.03333333333333333,3.3333333333333335
236,90,69,1.2813883333333334,0.43650255555555556,0.7666666666666667,76.66666666666667
237,90,25,0.5483838888888889,0.2979917777777778,0.2777777777777778,27.77777777777778
238,90,1,-0.7811214444444444,0.02084311111111111,0.011111111111111112,1.1111111111111112
239,90,38,0.7961130000000001,0.23113522222222221,0.4222222222222222,42.22222222222222
240,90,90,1.9637303333333331,0.7921464444444445,1.0,100.0
241,90,66,1.41975,0.5485182222222222,0.7333333333333333,73.33333333333333
242,90,83,1.705762888888889,0.34170033333333333,0.9222222222222223,92.22222222222223
243,90,1,0.21972366666666668,0.37880155555555556,0.011111111111111112,1.1111111111111112
244,90,44,0.9282158888888888,0.48845477777777774,0.4888888888888889,48.888888888888886
245,90,1,0.304034,0.7904694444444444,0.011111111111111112,1.1111111111111112
246,90,9,0.25986366666666666,0.30020033333333335,0.1,10.0
247,90,0,-1.0714027777777777,0.001684,0.0,0.0
248,90,21,0.5616436666666667,0.3559431111111111,0.23333333333333334,23.333333333333332
249,90,11,0.4399573333333333,0.3424372222222222,0.12222222222222222,12.222222222222221
250,90,5,-0.4484787777777778,0.07177388888888889,0.05555555555555555,5.555555555555555
251,90,0,-0.9514333333333334,0.014828555555555557,0.0,0.0
252,90,31,0.5897847777777778,0.3049503333333333,0.34444444444444444,34.44444444444444
253,90,55,1.0054216666666667,0.5522434444444444,0.6111111111111112,61.111111111111114
254,90,3,0.08197866666666666,0.3129512222222222,0.03333333333333333,3.3333333333333335
255,90,0,-0.5781428888888889,0.15091944444444444,0.0,0.0
256,90,5,0.11013766666666668,0.3413354444444444,0.05555555555555555,5.555555555555555
257,90,18,0.3514388888888889,0.4827602222222222,0.2,20.0
258,90,0,-0.7237186666666667,0.06961622222222222,0.0,0.0
259,90,0,-0.6828323333333333,0.11580622222222223,0.0,0.0
260,90,4,-0.4207758888888889,0.16446044444444444,0.044444444444444446,4.444444444444445
261,90,10,0.18503733333333333,0.3759036666666667,0.1111111111111111,11.11111111111111
262,90,5,0.0672311111111111,0.2789256666666667,0.05555555555555555,5.555555555555555
263,90,0,-0.5938344444444444,0.14736433333333335,0.0,0.0
264,90,0,-0.48792111111111114,0.5658166666666666,0.0,0.0
