serotype,gene,gene_present,protein,msa_start,msa_end,motif,dominant_motif,exact_dominant_motif,motif_distance,coverage_status
SCP46,wzh,True,SCP46_0005_wzh,192,200,KLFGERYKF,KLFGERYKF,True,0,Exact dominant motif
SPC01,wzh,True,SPC01_0006_wzh,192,200,KFFGEKYKF,KLFGERYKF,False,2,Other motif variant
SPC02,wzh,True,SPC02_0005_wzh,192,200,KLFGERYKF,KLFGERYKF,True,0,Exact dominant motif
SPC03,wzh,True,SPC03_0005_wzh,192,200,KLFGERYKF,KLFGERYKF,True,0,Exact dominant motif
SPC04,wzh,True,SPC04_0005_wzh,192,200,KLFGERYKF,KLFGERYKF,True,0,Exact dominant motif
SPC05,wzh,True,SPC05_0002_wzh,192,200,KFFGEKYKF,KLFGERYKF,False,2,Other motif variant
SPC06A,wzh,True,SPC06A_0005_wzh,192,200,KLFGERYKF,KLFGERYKF,True,0,Exact dominant motif
SPC06B,wzh,True,SPC06B_0005_wzh,192,200,KLFGERYKF,KLFGERYKF,True,0,Exact dominant motif
SPC07A,wzh,True,SPC07A_0005_wzh,192,200,KFFGEKYKF,KLFGERYKF,False,2,Other motif variant
SPC07B,wzh,True,SPC07B_0005_wzh,192,200,KFFGEKYKF,KLFGERYKF,False,2,Other motif variant
SPC07C,wzh,True,SPC07C_0004_wzh,192,200,KLFGERYKF,KLFGERYKF,True,0,Exact dominant motif
SPC07F,wzh,True,SPC07F_0005_wzh,192,200,KFFGEKYKF,KLFGERYKF,False,2,Other motif variant
SPC08,wzh,True,SPC08_0005_wzh,192,200,KLFGERYKF,KLFGERYKF,True,0,Exact dominant motif
SPC09A,wzh,True,SPC09A_0005_wzh,192,200,KLFGERYKF,KLFGERYKF,True,0,Exact dominant motif
SPC09L,wzh,True,SPC09L_0004_wzh,192,200,KFFGEKYKF,KLFGERYKF,False,2,Other motif variant
SPC09N,wzh,True,SPC09N_0004_wzh,192,200,KFFGEKYKF,KLFGERYKF,False,2,Other motif variant
SPC09V,wzh,True,SPC09V_0004_wzh,192,200,KLFGERYKF,KLFGERYKF,True,0,Exact dominant motif
SPC10A,wzh,True,SPC10A_0005_wzh,192,200,KLFGERYKF,KLFGERYKF,True,0,Exact dominant motif
SPC10B,wzh,True,SPC10B_0005_wzh,192,200,KLFGERYKF,KLFGERYKF,True,0,Exact dominant motif
SPC10C,wzh,True,SPC10C_0005_wzh,192,200,KLFGERYKF,KLFGERYKF,True,0,Exact dominant motif
SPC10F,wzh,True,SPC10F_0005_wzh,192,200,KLFGERYKF,KLFGERYKF,True,0,Exact dominant motif
SPC11A,wzh,True,SPC11A_0004_wzh,192,200,KLFGERYKF,KLFGERYKF,True,0,Exact dominant motif
SPC11B,wzh,True,SPC11B_0005_wzh,192,200,KLFGEPDKF,KLFGERYKF,False,2,Other motif variant
SPC11C,wzh,True,SPC11C_0005_wzh,192,200,KLFGEPDKF,KLFGERYKF,False,2,Other motif variant
SPC11D,wzh,True,SPC11D_0004_wzh,192,200,KLFGERYKF,KLFGERYKF,True,0,Exact dominant motif
SPC11F,wzh,True,SPC11F_0004_wzh,192,200,KLFGERYKF,KLFGERYKF,True,0,Exact dominant motif
SPC12A,wzh,True,SPC12A_0006_wzh,192,200,KLFGERYKF,KLFGERYKF,True,0,Exact dominant motif
SPC12B,wzh,True,SPC12B_0005_wzh,192,200,KLFGERYKF,KLFGERYKF,True,0,Exact dominant motif
SPC12F,wzh,True,SPC12F_0005_wzh,192,200,KLFGERYKF,KLFGERYKF,True,0,Exact dominant motif
SPC13,wzh,True,SPC13_0005_wzh,192,200,KFFGEKYKF,KLFGERYKF,False,2,Other motif variant
SPC14,wzh,True,SPC14_0005_wzh,192,200,KFFGEKYKF,KLFGERYKF,False,2,Other motif variant
SPC15A,wzh,True,SPC15A_0005_wzh,192,200,KLFGERYKF,KLFGERYKF,True,0,Exact dominant motif
SPC15B,wzh,True,SPC15B_0005_wzh,192,200,KLFGERYKF,KLFGERYKF,True,0,Exact dominant motif
SPC15C,wzh,True,SPC15C_0005_wzh,192,200,KLFGERYKF,KLFGERYKF,True,0,Exact dominant motif
SPC15F,wzh,True,SPC15F_0005_wzh,192,200,KLFGERYKF,KLFGERYKF,True,0,Exact dominant motif
SPC16A,wzh,True,SPC16A_0005_wzh,192,200,KFFGEKYKF,KLFGERYKF,False,2,Other motif variant
SPC16F,wzh,True,SPC16F_0005_wzh,192,200,KFFGEKYKF,KLFGERYKF,False,2,Other motif variant
SPC17A,wzh,True,SPC17A_0004_wzh,192,200,KLFGERYKF,KLFGERYKF,True,0,Exact dominant motif
SPC17F,wzh,True,SPC17F_0004_wzh,192,200,KLFGERYKF,KLFGERYKF,True,0,Exact dominant motif
SPC18A,wzh,True,SPC18A_0005_wzh,192,200,KFFGEKYKF,KLFGERYKF,False,2,Other motif variant
SPC18B,wzh,True,SPC18B_0005_wzh,192,200,KFFGEKYKF,KLFGERYKF,False,2,Other motif variant
SPC18C,wzh,True,SPC18C_0005_wzh,192,200,KFFGEKYKF,KLFGERYKF,False,2,Other motif variant
SPC18F,wzh,True,SPC18F_0005_wzh,192,200,KLFGERYKF,KLFGERYKF,True,0,Exact dominant motif
SPC19A,wzh,True,SPC19A_0004_wzh,192,200,KLFGERYKF,KLFGERYKF,True,0,Exact dominant motif
SPC19B,wzh,True,SPC19B_0005_wzh,192,200,KLFGERYKF,KLFGERYKF,True,0,Exact dominant motif
SPC19C,wzh,True,SPC19C_0005_wzh,192,200,KLFGERYKF,KLFGERYKF,True,0,Exact dominant motif
SPC19F,wzh,True,SPC19F_0006_wzh,192,200,KFFGEKYKF,KLFGERYKF,False,2,Other motif variant
SPC20,wzh,True,SPC20_0005_wzh,192,200,KFFGEKYKF,KLFGERYKF,False,2,Other motif variant
SPC21,wzh,True,SPC21_0005_wzh,192,200,KLFGERYKF,KLFGERYKF,True,0,Exact dominant motif
SPC22A,wzh,True,SPC22A_0005_wzh,192,200,KLFGERYKF,KLFGERYKF,True,0,Exact dominant motif
SPC22F,wzh,True,SPC22F_0005_wzh,192,200,KLFGERYKF,KLFGERYKF,True,0,Exact dominant motif
SPC23A,wzh,True,SPC23A_0005_wzh,192,200,KFFGEKYKF,KLFGERYKF,False,2,Other motif variant
SPC23B,wzh,True,SPC23B_0005_wzh,192,200,KLFGEPYKF,KLFGERYKF,False,1,Single-residue variant
SPC23F,wzh,True,SPC23F_0004_wzh,192,200,KLFGERYKF,KLFGERYKF,True,0,Exact dominant motif
SPC24A,wzh,True,SPC24A_0005_wzh,192,200,KLFGERYKF,KLFGERYKF,True,0,Exact dominant motif
SPC24B,wzh,True,SPC24B_0005_wzh,192,200,KLFGERYKF,KLFGERYKF,True,0,Exact dominant motif
SPC24F,wzh,True,SPC24F_0004_wzh,192,200,KLFGERYKF,KLFGERYKF,True,0,Exact dominant motif
SPC25A,wzh,True,SPC25A_0005_wzh,192,200,KLFGERYKF,KLFGERYKF,True,0,Exact dominant motif
SPC25F,wzh,True,SPC25F_0010_wzh,192,200,KLFKDDAKI,KLFGERYKF,False,5,Other motif variant
SPC27,wzh,True,SPC27_0005_wzh,192,200,KLFGERYKF,KLFGERYKF,True,0,Exact dominant motif
SPC28A,wzh,True,SPC28A_0005_wzh,192,200,KLFGERYKF,KLFGERYKF,True,0,Exact dominant motif
SPC28F,wzh,True,SPC28F_0005_wzh,192,200,KFFGEKYKF,KLFGERYKF,False,2,Other motif variant
SPC29,wzh,True,SPC29_0005_wzh,192,200,KLFGERYKF,KLFGERYKF,True,0,Exact dominant motif
SPC31,wzh,True,SPC31_0005_wzh,192,200,KLFGERYKF,KLFGERYKF,True,0,Exact dominant motif
SPC32A,wzh,True,SPC32A_0007_wzh,192,200,KLFGERYKF,KLFGERYKF,True,0,Exact dominant motif
SPC32F,wzh,True,SPC32F_0007_wzh,192,200,KLFGERYKF,KLFGERYKF,True,0,Exact dominant motif
SPC33A,wzh,True,SPC33A_0005_wzh,192,200,KLFGERYKF,KLFGERYKF,True,0,Exact dominant motif
SPC33B,wzh,True,SPC33B_0005_wzh,192,200,KLFGERYKF,KLFGERYKF,True,0,Exact dominant motif
SPC33C,wzh,True,SPC33C_0005_wzh,192,200,KLFGERYKF,KLFGERYKF,True,0,Exact dominant motif
SPC33D,wzh,True,SPC33D_0005_wzh,192,200,KLFGERYKF,KLFGERYKF,True,0,Exact dominant motif
SPC33F,wzh,True,SPC33F_0005_wzh,192,200,KLFGERYKF,KLFGERYKF,True,0,Exact dominant motif
SPC34,wzh,True,SPC34_0005_wzh,192,200,KLFGERYKF,KLFGERYKF,True,0,Exact dominant motif
SPC35A,wzh,True,SPC35A_0005_wzh,192,200,KLFGERYKF,KLFGERYKF,True,0,Exact dominant motif
SPC35B,wzh,True,SPC35B_0005_wzh,192,200,KLFGERYKF,KLFGERYKF,True,0,Exact dominant motif
SPC35C,wzh,True,SPC35C_0005_wzh,192,200,KLFGERYKF,KLFGERYKF,True,0,Exact dominant motif
SPC35F,wzh,True,SPC35F_0004_wzh,192,200,KLFGERYKF,KLFGERYKF,True,0,Exact dominant motif
SPC36,wzh,True,SPC36_0004_wzh,192,200,KFFGEKYKF,KLFGERYKF,False,2,Other motif variant
SPC37,wzh,True,SPC37_0005_wzh,192,200,KLFGERYKF,KLFGERYKF,True,0,Exact dominant motif
SPC38,wzh,True,SPC38_0011_wzh,192,200,KLFKDDAKI,KLFGERYKF,False,5,Other motif variant
SPC39,wzh,True,SPC39_0005_wzh,192,200,KLFGERYKF,KLFGERYKF,True,0,Exact dominant motif
SPC40,wzh,True,SPC40_0004_wzh,192,200,KFFGEKYKF,KLFGERYKF,False,2,Other motif variant
SPC41A,wzh,True,SPC41A_0005_wzh,192,200,KLFGERYKF,KLFGERYKF,True,0,Exact dominant motif
SPC41F,wzh,True,SPC41F_0004_wzh,192,200,KLFGERYKF,KLFGERYKF,True,0,Exact dominant motif
SPC42,wzh,True,SPC42_0005_wzh,192,200,KLFGEPDKF,KLFGERYKF,False,2,Other motif variant
SPC43,wzh,True,SPC43_0005_wzh,192,200,KLFGERYKF,KLFGERYKF,True,0,Exact dominant motif
SPC44,wzh,True,SPC44_0005_wzh,192,200,KLFGERYKF,KLFGERYKF,True,0,Exact dominant motif
SPC45,wzh,True,SPC45_0005_wzh,192,200,KLFGERYKF,KLFGERYKF,True,0,Exact dominant motif
SPC47A,wzh,True,SPC47A_0005_wzh,192,200,KLFGERYKF,KLFGERYKF,True,0,Exact dominant motif
SPC47F,wzh,True,SPC47F_0005_wzh,192,200,KLFGERYKF,KLFGERYKF,True,0,Exact dominant motif
SPC48,wzh,True,SPC48_0005_wzh,192,200,KFFGEKYKF,KLFGERYKF,False,2,Other motif variant
