protein,region,n_residues,mean_pae,median_pae,max_pae
wzh_seq0,192-200,9,2.125674,1.9831793,6.185624
wzh_seq10,192-200,9,2.682549,2.393078,7.807494
wzh_seq11,192-200,9,1.9147173,1.5509968,7.0224905
wzh_seq12,192-200,9,2.3236463,1.9797137,8.079966
wzh_seq13,192-200,9,2.209039,1.9482117,7.343224
wzh_seq14,192-200,9,2.406096,2.1150126,7.616519
wzh_seq15,192-200,9,2.4243948,2.0592823,8.349045
wzh_seq16,192-200,9,2.4026594,2.1051226,7.450059
wzh_seq17,192-200,9,2.336999,2.0459824,7.9358497
wzh_seq18,192-200,9,3.8228085,3.3627224,11.281954
wzh_seq19,192-200,9,4.48086,4.021806,13.177715
wzh_seq1,192-200,9,2.7102158,2.2359629,9.476777
wzh_seq20,192-200,9,4.2838564,4.0102797,11.233728
wzh_seq21,192-200,9,4.4497166,3.9865324,12.478291
wzh_seq22,192-200,9,4.345465,3.9717247,12.920775
wzh_seq23,192-200,9,5.1054115,5.202492,13.556126
wzh_seq24,192-200,9,2.7695684,2.8417485,7.2327147
wzh_seq25,192-200,9,2.1199918,1.6879143,8.291471
wzh_seq26,192-200,9,2.8101366,2.2487729,9.611605
wzh_seq27,192-200,9,3.3344843,3.2008948,7.7520494
wzh_seq28,192-200,9,2.9189627,2.3657537,10.944984
wzh_seq29,192-200,9,1.5756269,1.3980706,5.0900316
wzh_seq2,192-200,9,2.5309947,2.0419393,9.259907
wzh_seq30,192-200,9,4.412091,4.12267,12.603183
wzh_seq31,192-200,9,2.3222165,2.0953686,7.0768986
wzh_seq32,192-200,9,1.9516282,1.7044811,6.4825945
wzh_seq33,192-200,9,3.689191,3.609268,10.060869
wzh_seq34,192-200,9,3.8075857,3.3380942,9.685164
wzh_seq35,192-200,9,2.0679674,1.8809612,6.4791193
wzh_seq36,192-200,9,2.917207,2.3501863,9.704088
wzh_seq37,192-200,9,2.4172091,2.0420904,8.233767
wzh_seq38,192-200,9,3.3671901,2.9813206,10.435707
wzh_seq39,192-200,9,2.2586527,2.131295,6.2199864
wzh_seq3,192-200,9,1.8722594,1.6282494,6.427185
wzh_seq40,192-200,9,2.150051,2.0748327,6.012266
wzh_seq41,192-200,9,5.599105,5.378908,15.668812
wzh_seq42,192-200,9,4.666821,4.563778,11.987136
wzh_seq43,192-200,9,3.9449244,3.4054985,12.855831
wzh_seq44,192-200,9,2.0607653,1.7972105,6.419429
wzh_seq45,192-200,9,2.6820776,2.3779109,8.350557
wzh_seq46,192-200,9,1.9472098,1.6716702,6.8400197
wzh_seq47,192-200,9,3.0966225,2.4463868,11.116026
wzh_seq48,192-200,9,2.3952227,2.1167154,7.800955
wzh_seq49,192-200,9,2.2427633,1.9311348,7.6283216
wzh_seq4,192-200,9,2.790824,2.6485033,8.17634
wzh_seq50,192-200,9,2.1301503,1.8555079,6.750142
wzh_seq51,192-200,9,3.9699953,4.0858827,9.876913
wzh_seq52,192-200,9,2.150854,1.9077756,6.5747995
wzh_seq53,192-200,9,2.012605,1.8721123,6.100163
wzh_seq54,192-200,9,2.708276,2.5106163,8.04973
wzh_seq55,192-200,9,2.1521327,1.8198068,7.571086
wzh_seq56,192-200,9,3.8004591,3.708795,10.497417
wzh_seq57,192-200,9,5.337947,5.708533,14.784477
wzh_seq58,192-200,9,2.0774727,1.7734642,6.58887
wzh_seq59,192-200,9,2.9289134,2.541076,9.752777
wzh_seq5,192-200,9,2.698191,2.2040033,8.797475
wzh_seq60,192-200,9,4.0661144,3.7201486,12.779389
wzh_seq61,192-200,9,4.2278485,3.89897,11.126167
wzh_seq62,192-200,9,2.1935158,1.8484329,7.5761952
wzh_seq63,192-200,9,2.1647875,1.9265006,7.2249165
wzh_seq64,192-200,9,2.140057,1.8774235,7.0364723
wzh_seq65,192-200,9,2.4508276,2.1790667,8.044146
wzh_seq66,192-200,9,4.780538,4.8378477,13.023694
wzh_seq67,192-200,9,2.24292,1.9341123,7.570661
wzh_seq68,192-200,9,3.2889233,2.7466803,11.114589
wzh_seq69,192-200,9,2.1604254,1.8592489,7.2266006
wzh_seq6,192-200,9,2.6748667,2.2731829,9.502741
wzh_seq70,192-200,9,2.1563132,1.8684168,7.3711996
wzh_seq71,192-200,9,2.2387025,1.8986082,8.470632
wzh_seq72,192-200,9,2.0341322,1.7264081,7.1744432
wzh_seq73,192-200,9,2.1979046,1.8943644,7.434145
wzh_seq74,192-200,9,2.2195604,1.9825392,6.6919584
wzh_seq75,192-200,9,4.010293,3.6522279,10.908313
wzh_seq76,192-200,9,4.688144,4.080854,11.460961
wzh_seq77,192-200,9,5.275699,5.0816455,13.936352
wzh_seq78,192-200,9,3.961218,3.7323544,10.13235
wzh_seq79,192-200,9,3.0322194,2.5951908,9.45589
wzh_seq7,192-200,9,2.8500876,2.3332663,10.829813
wzh_seq80,192-200,9,2.3047552,1.8542788,8.6799135
wzh_seq81,192-200,9,2.193375,1.9686503,6.7162414
wzh_seq82,192-200,9,5.5803375,5.8011875,13.166599
wzh_seq83,192-200,9,4.2009277,4.053503,10.26476
wzh_seq84,192-200,9,3.6708822,3.700054,9.35918
wzh_seq85,192-200,9,3.3241718,2.8607278,11.077293
wzh_seq86,192-200,9,2.1647518,1.6432536,8.7583275
wzh_seq87,192-200,9,2.1564806,1.878813,7.1041937
wzh_seq88,192-200,9,2.040162,1.740946,6.6543436
wzh_seq89,192-200,9,3.1992242,2.807395,10.553544
wzh_seq8,192-200,9,2.6824267,2.568016,7.62163
wzh_seq9,192-200,9,1.9215595,1.7027799,5.9670205
