region,msa_start,msa_end,flank,variant,representative_protein,wzg_sequence,fragment_start,fragment_end,fragment_length,aligned_length,rmsd,sequence_identity,tm_score_native_normalised,tm_score_fragment_normalised
279-287,279,287,10,1,SPC18B_0004_wzg,wzg_seq31,265,293,29,19,3.18,0.0,0.24258,0.24258
279-287,279,287,10,2,SPC04_0004_wzg,wzg_seq1,265,293,29,17,2.53,0.0,0.26345,0.26345
279-287,279,287,10,3,SPC01_0005_wzg,wzg_seq0,265,293,29,16,2.4,0.0,0.25615,0.25615
279-287,279,287,10,4,SPC43_0004_wzg,wzg_seq60,265,293,29,16,2.13,0.312,0.30836,0.30836
279-287,279,287,10,5,SPC25F_0009_wzg,wzg_seq44,269,297,29,14,1.37,1.0,0.33977,0.33977
279-287,279,287,10,6,SPC07A_0004_wzg,wzg_seq4,265,293,29,13,3.12,0.923,0.26436,0.26436
279-287,279,287,10,7,SPC08_0004_wzg,wzg_seq7,265,293,29,16,1.59,0.0,0.40018,0.40018
279-287,279,287,20,1,SPC18A_0004_wzg,wzg_seq30,255,303,49,35,3.94,0.6,0.38581,0.38581
279-287,279,287,20,2,SPC18B_0004_wzg,wzg_seq31,255,303,49,22,2.52,0.636,0.31795,0.31795
279-287,279,287,20,3,SPC04_0004_wzg,wzg_seq1,255,303,49,30,2.85,0.9,0.35387,0.35387
279-287,279,287,20,4,SPC01_0005_wzg,wzg_seq0,255,303,49,27,3.63,0.556,0.29513,0.29513
279-287,279,287,20,5,SPC43_0004_wzg,wzg_seq60,255,303,49,38,4.01,0.289,0.33957,0.33957
279-287,279,287,20,6,SPC08_0004_wzg,wzg_seq7,255,303,49,26,3.41,0.538,0.33528,0.33528
279-287,279,287,20,7,SPC07A_0004_wzg,wzg_seq4,255,303,49,21,2.66,0.857,0.30567,0.30567
279-287,279,287,20,8,SPC25F_0009_wzg,wzg_seq44,259,307,49,37,3.67,0.676,0.33547,0.33547
370-376,370,376,10,1,SPC11B_0004_wzg,wzg_seq17,356,382,27,14,1.59,0.0,0.4626,0.4626
370-376,370,376,10,2,SPC17A_0003_wzg,wzg_seq28,356,382,27,14,1.75,0.0,0.40714,0.40714
370-376,370,376,10,3,SPC19A_0003_wzg,wzg_seq34,356,382,27,13,0.61,0.154,0.41394,0.41394
370-376,370,376,10,4,SPC04_0004_wzg,wzg_seq1,356,382,27,13,1.49,0.154,0.40845,0.40845
370-376,370,376,10,5,SPC16A_0004_wzg,wzg_seq26,356,382,27,14,1.26,0.0,0.42872,0.42872
370-376,370,376,10,6,SPC06A_0004_wzg,wzg_seq2,356,382,27,15,2.21,0.067,0.39041,0.39041
370-376,370,376,10,7,SPC01_0005_wzg,wzg_seq0,356,382,27,14,1.96,0.786,0.38318,0.38318
370-376,370,376,10,8,SPC18B_0004_wzg,wzg_seq31,356,382,27,14,1.4,0.286,0.41782,0.41782
370-376,370,376,10,9,SPC07B_0004_wzg,wzg_seq5,356,382,27,14,1.13,0.0,0.42171,0.42171
370-376,370,376,10,10,SPC25F_0009_wzg,wzg_seq44,358,384,27,14,1.28,0.143,0.45211,0.45211
370-376,370,376,20,1,SPC17A_0003_wzg,wzg_seq28,346,392,47,43,1.54,0.93,0.78117,0.78117
370-376,370,376,20,2,SPC04_0004_wzg,wzg_seq1,346,392,47,44,1.37,0.909,0.78236,0.78236
370-376,370,376,20,3,SPC10A_0004_wzg,wzg_seq12,346,392,47,39,2.93,0.641,0.42851,0.42851
370-376,370,376,20,4,SPC10B_0004_wzg,wzg_seq13,346,392,47,46,1.36,0.957,0.84435,0.84435
370-376,370,376,20,5,SPC37_0004_wzg,wzg_seq56,346,392,47,46,2.0,0.957,0.75917,0.75917
370-376,370,376,20,6,SPC18A_0004_wzg,wzg_seq30,346,392,47,43,1.96,0.93,0.6737,0.6737
370-376,370,376,20,7,SPC25F_0009_wzg,wzg_seq44,348,394,47,30,1.56,0.767,0.5235,0.5235
370-376,370,376,20,8,SPC19A_0003_wzg,wzg_seq34,346,392,47,38,2.42,0.105,0.46031,0.46031
370-376,370,376,20,9,SPC16A_0004_wzg,wzg_seq26,346,392,47,35,2.83,0.657,0.52077,0.52077
370-376,370,376,20,10,SPC06A_0004_wzg,wzg_seq2,346,392,47,46,1.39,0.957,0.75966,0.75966
370-376,370,376,20,11,SPC15A_0004_wzg,wzg_seq23,346,392,47,44,1.59,0.909,0.68351,0.68351
370-376,370,376,20,12,SPC07A_0004_wzg,wzg_seq4,346,392,47,46,1.57,0.913,0.75358,0.75358
370-376,370,376,20,13,SPC01_0005_wzg,wzg_seq0,346,392,47,46,1.88,0.957,0.77248,0.77248
370-376,370,376,20,14,SPC31_0004_wzg,wzg_seq47,346,392,47,46,2.16,0.935,0.74135,0.74135
370-376,370,376,20,15,SPC18B_0004_wzg,wzg_seq31,346,392,47,31,2.3,0.871,0.45422,0.45422
370-376,370,376,20,16,SPC07B_0004_wzg,wzg_seq5,346,392,47,43,1.82,0.86,0.66493,0.66493
370-376,370,376,20,17,SPC11B_0004_wzg,wzg_seq17,346,392,47,38,2.55,0.579,0.54276,0.54276
