protein,region,n_residues,mean_plddt,median_plddt,min_plddt,max_plddt
wzg_seq0,279-287,9,0.29298216,0.28926173,0.26543263,0.32907638
wzg_seq10,279-287,9,0.28555715,0.29275867,0.252432,0.30898345
wzg_seq11,279-287,9,0.2870867,0.2880776,0.2629654,0.3094101
wzg_seq12,279-287,9,0.2919807,0.2914831,0.26139706,0.3262822
wzg_seq13,279-287,9,0.32356465,0.3373299,0.26586688,0.35583675
wzg_seq14,279-287,9,0.28213963,0.28081483,0.24301744,0.31272942
wzg_seq15,279-287,9,0.32058376,0.32308686,0.29467398,0.33978707
wzg_seq16,279-287,9,0.36243615,0.36294872,0.34017855,0.38422698
wzg_seq17,279-287,9,0.31118885,0.32393706,0.2721801,0.33695304
wzg_seq18,279-287,9,0.30889112,0.31659657,0.2691913,0.338535
wzg_seq19,279-287,9,0.31815326,0.31708348,0.27935562,0.34162706
wzg_seq1,279-287,9,0.3097524,0.31272227,0.27590147,0.3491853
wzg_seq20,279-287,9,0.32671255,0.3286423,0.28540078,0.3613156
wzg_seq21,279-287,9,0.297483,0.29905504,0.27103537,0.32195073
wzg_seq22,279-287,9,0.2829766,0.28163275,0.25995496,0.30099088
wzg_seq23,279-287,9,0.2961071,0.29729128,0.2797451,0.3102084
wzg_seq24,279-287,9,0.33248344,0.33318964,0.30952314,0.3686091
wzg_seq25,279-287,9,0.326916,0.32672155,0.30783522,0.3540696
wzg_seq26,279-287,9,0.31161225,0.32281542,0.27748466,0.33372417
wzg_seq27,279-287,9,0.31675455,0.32119566,0.300671,0.32850718
wzg_seq28,279-287,9,0.30300122,0.3086292,0.26239556,0.33717394
wzg_seq29,279-287,9,0.28276363,0.2864876,0.23891559,0.31547937
wzg_seq2,279-287,9,0.3044545,0.30338347,0.29403466,0.32298338
wzg_seq30,279-287,9,0.28339943,0.28568226,0.25257388,0.31626624
wzg_seq31,279-287,9,0.28696105,0.28915268,0.25415757,0.31632116
wzg_seq32,279-287,9,0.2972782,0.28745496,0.26313603,0.33568072
wzg_seq33,279-287,9,0.31322208,0.3116325,0.29484212,0.33571684
wzg_seq34,279-287,9,0.3077228,0.297345,0.2788999,0.34578452
wzg_seq35,279-287,9,0.32758585,0.32429114,0.29263696,0.3548908
wzg_seq36,279-287,9,0.29251134,0.29842323,0.25332868,0.31928545
wzg_seq37,279-287,9,0.28738773,0.28929263,0.24940155,0.31135422
wzg_seq38,279-287,9,0.279259,0.28082463,0.24728361,0.29985216
wzg_seq39,279-287,9,0.3332082,0.33667797,0.29698694,0.3547094
wzg_seq3,279-287,9,0.3106136,0.31888157,0.27817768,0.3328961
wzg_seq40,279-287,9,0.30806953,0.30358326,0.28842655,0.33612713
wzg_seq41,279-287,9,0.3300487,0.32300407,0.31245834,0.36693087
wzg_seq42,279-287,9,0.28316528,0.28114653,0.25408435,0.309744
wzg_seq43,279-287,9,0.29754144,0.28699905,0.2573071,0.3488047
wzg_seq44,279-287,9,0.29762238,0.29905796,0.26760596,0.32241583
wzg_seq45,279-287,9,0.30040327,0.31508607,0.24198483,0.3341093
wzg_seq46,279-287,9,0.2571689,0.2501483,0.23451397,0.28030485
wzg_seq47,279-287,9,0.2654358,0.25493893,0.24515095,0.29037207
wzg_seq48,279-287,9,0.31742975,0.31481704,0.27199572,0.3573185
wzg_seq49,279-287,9,0.29802507,0.29630852,0.2795067,0.32088405
wzg_seq4,279-287,9,0.32216915,0.32060868,0.31028044,0.33722895
wzg_seq50,279-287,9,0.30148995,0.30474222,0.25761986,0.3316319
wzg_seq51,279-287,9,0.28823388,0.28836954,0.27267388,0.303045
wzg_seq52,279-287,9,0.3147591,0.31802493,0.26733696,0.3477555
wzg_seq53,279-287,9,0.2909633,0.28646088,0.27456987,0.31561953
wzg_seq54,279-287,9,0.28282297,0.28351313,0.24754927,0.3204796
wzg_seq55,279-287,9,0.32064116,0.32361495,0.28316122,0.34563562
wzg_seq56,279-287,9,0.28968608,0.2879498,0.26279062,0.3250232
wzg_seq57,279-287,9,0.29722494,0.30286065,0.25764364,0.32590628
wzg_seq58,279-287,9,0.30426157,0.30365178,0.2639674,0.34140024
wzg_seq59,279-287,9,0.33246613,0.3266508,0.31607157,0.3521425
wzg_seq5,279-287,9,0.30746073,0.30203035,0.28554332,0.3380022
wzg_seq60,279-287,9,0.29225677,0.29458383,0.25177288,0.32376143
wzg_seq61,279-287,9,0.31673378,0.30947956,0.29811025,0.34202135
wzg_seq62,279-287,9,0.29537034,0.2866156,0.26319844,0.33605427
wzg_seq63,279-287,9,0.28498384,0.28583664,0.26338303,0.30562413
wzg_seq6,279-287,9,0.32902077,0.33173448,0.29704875,0.34693235
wzg_seq7,279-287,9,0.3434535,0.35813504,0.3134188,0.36054873
wzg_seq8,279-287,9,0.32522577,0.32095495,0.3096516,0.3458461
wzg_seq9,279-287,9,0.34678796,0.34469986,0.32976097,0.37864366
wzg_seq0,370-376,7,0.3455122,0.34098068,0.32366964,0.37104762
wzg_seq10,370-376,7,0.34496054,0.33671135,0.29331297,0.38275862
wzg_seq11,370-376,7,0.42709547,0.42302126,0.41051668,0.4580364
wzg_seq12,370-376,7,0.3376624,0.33694738,0.31348184,0.36173442
wzg_seq13,370-376,7,0.4692585,0.4694985,0.44498283,0.49797925
wzg_seq14,370-376,7,0.36573806,0.36857256,0.31837997,0.40127128
wzg_seq15,370-376,7,0.37861267,0.3703473,0.32385334,0.42107308
wzg_seq16,370-376,7,0.3961323,0.3793125,0.34131828,0.43973067
wzg_seq17,370-376,7,0.3589318,0.35894108,0.3091929,0.3812078
wzg_seq18,370-376,7,0.3823893,0.3867588,0.36523598,0.3987856
wzg_seq19,370-376,7,0.35000333,0.34543413,0.27022654,0.41855305
wzg_seq1,370-376,7,0.4620371,0.46811658,0.42483625,0.4971974
wzg_seq20,370-376,7,0.42057484,0.4226497,0.40231436,0.44690874
wzg_seq21,370-376,7,0.39722842,0.3940304,0.3712169,0.4320203
wzg_seq22,370-376,7,0.352007,0.34475863,0.29218388,0.41234958
wzg_seq23,370-376,7,0.37361416,0.36968315,0.35481268,0.40416187
wzg_seq24,370-376,7,0.3727775,0.373561,0.30116466,0.4238801
wzg_seq25,370-376,7,0.40323046,0.3799246,0.36937934,0.44529247
wzg_seq26,370-376,7,0.30734706,0.30713832,0.2658998,0.34373254
wzg_seq27,370-376,7,0.5026074,0.5023166,0.48230642,0.5194861
wzg_seq28,370-376,7,0.47333553,0.47639462,0.44916815,0.49296594
wzg_seq29,370-376,7,0.46946886,0.4741925,0.44391596,0.49198514
wzg_seq2,370-376,7,0.4933422,0.4900669,0.4744423,0.5225826
wzg_seq30,370-376,7,0.34748247,0.3450058,0.27924994,0.38635695
wzg_seq31,370-376,7,0.28504497,0.28476757,0.23098162,0.3399672
wzg_seq32,370-376,7,0.3232731,0.32752186,0.2593082,0.37069106
wzg_seq33,370-376,7,0.35802796,0.3589552,0.30343202,0.40892097
wzg_seq34,370-376,7,0.3661708,0.36353958,0.33470505,0.39721632
wzg_seq35,370-376,7,0.36413184,0.36852345,0.32889962,0.40122694
wzg_seq36,370-376,7,0.45194557,0.45009202,0.4328866,0.4705928
wzg_seq37,370-376,7,0.39972502,0.40188465,0.331537,0.44776338
wzg_seq38,370-376,7,0.41709334,0.41420233,0.39170521,0.4526029
wzg_seq39,370-376,7,0.34213758,0.32630783,0.30568317,0.38453
wzg_seq3,370-376,7,0.477428,0.48594669,0.4270636,0.5136683
wzg_seq40,370-376,7,0.4143675,0.39872324,0.35646474,0.4656604
wzg_seq41,370-376,7,0.48414993,0.48406544,0.4618184,0.5078139
wzg_seq42,370-376,7,0.37460968,0.38062266,0.32971418,0.41248372
wzg_seq43,370-376,7,0.36455995,0.35311282,0.32409412,0.40620065
wzg_seq44,370-376,7,0.30452988,0.30170792,0.27359733,0.3324048
wzg_seq45,370-376,7,0.37645954,0.3619366,0.33261505,0.42217737
wzg_seq46,370-376,7,0.3573861,0.34730798,0.3163421,0.39973372
wzg_seq47,370-376,7,0.3592181,0.3571686,0.31003892,0.39461696
wzg_seq48,370-376,7,0.46463224,0.46264374,0.4419107,0.49431455
wzg_seq49,370-376,7,0.4491201,0.44611818,0.4319064,0.47569615
wzg_seq4,370-376,7,0.42275625,0.41161022,0.38467085,0.45712268
wzg_seq50,370-376,7,0.44097,0.44658405,0.41183758,0.46620047
wzg_seq51,370-376,7,0.45945928,0.46810436,0.43506762,0.48067513
wzg_seq52,370-376,7,0.5255011,0.5293102,0.48150182,0.56251717
wzg_seq53,370-376,7,0.51938194,0.5291443,0.45363563,0.5639118
wzg_seq54,370-376,7,0.42273745,0.43603575,0.38311055,0.4484248
wzg_seq55,370-376,7,0.42168555,0.41621578,0.3447736,0.4847722
wzg_seq56,370-376,7,0.43216208,0.4343738,0.38972923,0.4739494
wzg_seq57,370-376,7,0.2837947,0.28522953,0.2341376,0.31671292
wzg_seq58,370-376,7,0.40118074,0.39470047,0.38267905,0.42820865
wzg_seq59,370-376,7,0.45191437,0.45137513,0.39394075,0.4967237
wzg_seq5,370-376,7,0.40944138,0.421155,0.38201773,0.43341893
wzg_seq60,370-376,7,0.42007044,0.4211496,0.38982636,0.44140878
wzg_seq61,370-376,7,0.37465015,0.35903758,0.31254545,0.43446672
wzg_seq62,370-376,7,0.4370759,0.4355217,0.42092305,0.4571703
wzg_seq63,370-376,7,0.35340342,0.35006353,0.30763853,0.3966998
wzg_seq6,370-376,7,0.44159842,0.44285288,0.3908586,0.48524982
wzg_seq7,370-376,7,0.38661394,0.38933155,0.3642593,0.40925947
wzg_seq8,370-376,7,0.5177582,0.5161917,0.48900348,0.5447544
wzg_seq9,370-376,7,0.43818688,0.43682244,0.3903169,0.47197586
